contract_id,contract_external_id,opportunity_id,account_id,contract_status,signature_date,start_date,end_date,auto_renewal,renewal_notice_days,billing_frequency,currency_code
1,CTR-00001,2,1,active,2023-12-05,2024-01-01,2025-12-31,false,30,monthly,USD
2,CTR-00002,5,2,expired,2023-09-17,2023-11-15,2024-11-14,true,60,annual,USD
3,CTR-00003,14,6,active,2025-07-09,2025-08-24,2026-08-23,false,120,annual,USD
4,CTR-00004,15,7,active,2025-05-14,2025-06-11,2026-06-10,false,90,upfront,USD
5,CTR-00005,16,7,expired,2024-10-31,2024-11-11,2025-11-10,true,90,annual,USD
6,CTR-00006,17,7,active,2025-02-09,2025-03-25,2026-03-24,true,120,annual,USD
7,CTR-00007,19,8,active,2025-01-09,2025-02-16,2028-02-15,true,90,annual,USD
8,CTR-00008,21,8,active,2025-02-11,2025-03-26,2027-03-25,true,120,annual,USD
9,CTR-00009,22,8,active,2024-08-12,2024-08-28,2027-08-27,false,30,quarterly,USD
10,CTR-00010,24,10,active,2024-12-08,2025-01-22,2028-01-21,false,90,annual,USD
11,CTR-00011,28,11,expired,2023-10-09,2023-11-02,2025-11-01,false,30,annual,USD
12,CTR-00012,29,11,expired,2024-01-16,2024-03-16,2025-03-15,true,30,upfront,USD
13,CTR-00013,33,13,active,2025-11-02,2025-12-20,2026-12-19,true,30,annual,USD
14,CTR-00014,34,13,active,2023-08-29,2023-10-29,2027-10-28,true,30,annual,USD
15,CTR-00015,35,13,active,2025-03-23,2025-04-16,2027-04-15,true,30,monthly,USD
16,CTR-00016,36,14,expired,2023-03-04,2023-03-19,2025-03-18,true,30,quarterly,USD
17,CTR-00017,38,14,expired,2023-10-27,2023-11-28,2024-11-27,true,120,annual,USD
18,CTR-00018,39,14,active,2023-04-07,2023-05-13,2026-05-12,true,90,quarterly,USD
19,CTR-00019,40,15,expired,2024-04-17,2024-05-07,2025-05-06,true,120,annual,USD
20,CTR-00020,42,15,active,2025-12-08,2026-02-03,2027-02-02,true,120,annual,USD
21,CTR-00021,45,16,expired,2023-10-13,2023-10-29,2024-10-28,false,60,quarterly,USD
22,CTR-00022,47,17,active,2023-12-13,2024-01-26,2026-01-25,true,60,annual,USD
23,CTR-00023,57,22,active,2025-06-26,2025-08-24,2027-08-23,true,30,annual,USD
24,CTR-00024,58,22,expired,2023-03-28,2023-04-12,2025-04-11,true,60,annual,USD
25,CTR-00025,63,24,active,2025-08-25,2025-09-22,2026-09-21,true,90,upfront,USD
26,CTR-00026,69,26,active,2023-10-05,2023-12-06,2026-12-05,false,30,annual,USD
27,CTR-00027,71,27,active,2024-06-11,2024-07-01,2028-06-30,true,60,quarterly,USD
28,CTR-00028,72,27,active,2025-04-30,2025-05-20,2028-05-19,true,30,monthly,USD
29,CTR-00029,75,28,expired,2023-03-28,2023-05-15,2024-05-14,true,60,annual,USD
30,CTR-00030,76,29,active,2025-08-14,2025-09-10,2027-09-09,false,30,quarterly,USD
31,CTR-00031,84,31,active,2023-11-02,2023-11-16,2026-11-15,true,120,annual,USD
32,CTR-00032,85,31,active,2024-12-04,2025-01-11,2028-01-10,true,120,annual,USD
33,CTR-00033,87,32,expired,2023-10-16,2023-11-03,2024-11-02,false,30,monthly,USD
34,CTR-00034,88,32,active,2024-05-31,2024-08-01,2027-07-31,true,90,annual,USD
35,CTR-00035,91,34,active,2025-12-07,2026-02-17,2027-02-16,true,90,annual,USD
36,CTR-00036,93,35,expired,2023-04-10,2023-05-31,2024-05-30,false,60,annual,USD
37,CTR-00037,97,36,expired,2023-07-01,2023-08-02,2025-08-01,true,90,annual,USD
38,CTR-00038,98,36,active,2025-11-11,2026-01-04,2027-01-03,false,120,annual,USD
39,CTR-00039,99,37,active,2024-09-10,2024-09-18,2026-09-17,false,60,quarterly,USD
40,CTR-00040,100,37,expired,2023-10-21,2023-11-24,2025-11-23,false,90,annual,USD
41,CTR-00041,103,38,expired,2023-07-10,2023-08-01,2024-07-31,true,60,annual,USD
42,CTR-00042,107,39,active,2023-05-14,2023-05-28,2027-05-27,false,30,quarterly,USD
43,CTR-00043,108,40,active,2023-12-31,2024-01-16,2027-01-15,false,90,annual,USD
44,CTR-00044,109,40,active,2023-12-13,2023-12-22,2026-12-21,true,90,annual,USD
45,CTR-00045,111,40,active,2024-06-10,2024-06-25,2026-06-24,false,60,quarterly,USD
46,CTR-00046,112,41,expired,2024-05-03,2024-06-24,2025-06-23,true,120,annual,USD
47,CTR-00047,113,41,expired,2023-08-07,2023-08-24,2025-08-23,true,120,annual,USD
48,CTR-00048,116,43,expired,2023-05-25,2023-07-19,2025-07-18,false,120,quarterly,USD
49,CTR-00049,120,44,active,2023-09-17,2023-09-24,2026-09-23,true,90,monthly,USD
50,CTR-00050,121,44,active,2023-07-10,2023-08-22,2028-08-21,false,30,annual,USD
51,CTR-00051,122,45,expired,2023-06-24,2023-07-22,2025-07-21,true,90,upfront,USD
52,CTR-00052,123,45,active,2024-09-30,2024-10-15,2026-10-14,false,30,upfront,USD
53,CTR-00053,124,45,active,2023-05-22,2023-07-12,2026-07-11,false,30,annual,USD
54,CTR-00054,133,49,expired,2023-05-23,2023-07-29,2025-07-28,false,120,annual,USD
55,CTR-00055,136,50,active,2024-04-18,2024-05-07,2027-05-06,false,90,annual,USD
56,CTR-00056,141,52,active,2025-07-26,2025-09-28,2028-09-27,true,60,upfront,USD
57,CTR-00057,149,55,expired,2023-06-12,2023-07-24,2025-07-23,true,60,annual,USD
58,CTR-00058,153,56,active,2025-09-21,2025-10-16,2028-10-15,true,60,annual,USD
59,CTR-00059,164,60,active,2025-09-01,2025-10-17,2028-10-16,true,60,annual,USD
60,CTR-00060,165,60,expired,2023-02-16,2023-04-17,2024-04-16,true,120,annual,USD
61,CTR-00061,166,60,expired,2023-08-18,2023-09-06,2025-09-05,true,90,quarterly,USD
62,CTR-00062,175,64,active,2025-10-20,2025-12-06,2027-12-05,false,90,quarterly,USD
63,CTR-00063,178,66,expired,2024-09-24,2024-10-27,2025-10-26,true,60,quarterly,USD
64,CTR-00064,179,66,active,2024-12-16,2025-01-17,2026-01-16,true,120,annual,USD
65,CTR-00065,180,67,active,2025-08-09,2025-08-31,2026-08-30,true,60,annual,USD
66,CTR-00066,181,67,expired,2023-01-19,2023-03-02,2024-03-01,true,120,upfront,USD
67,CTR-00067,186,70,active,2024-01-10,2024-02-24,2028-02-23,false,30,annual,USD
68,CTR-00068,187,70,active,2023-06-24,2023-07-15,2026-07-14,false,90,annual,USD
69,CTR-00069,188,70,active,2023-07-24,2023-09-09,2026-09-08,true,120,annual,USD
70,CTR-00070,189,70,active,2024-02-26,2024-04-04,2026-04-03,true,60,annual,USD
71,CTR-00071,195,72,expired,2024-06-29,2024-09-01,2025-08-31,false,90,monthly,USD
72,CTR-00072,196,72,active,2024-02-18,2024-02-27,2029-02-26,false,30,annual,USD
73,CTR-00073,197,72,expired,2023-09-09,2023-10-30,2024-10-29,true,90,upfront,USD
74,CTR-00074,198,73,expired,2024-02-25,2024-03-22,2025-03-21,false,30,annual,USD
75,CTR-00075,199,73,active,2025-05-16,2025-05-21,2026-05-20,true,60,annual,USD
76,CTR-00076,205,76,active,2025-06-03,2025-06-28,2026-06-27,true,120,annual,USD
77,CTR-00077,209,78,active,2025-12-25,2026-02-03,2027-02-02,false,90,annual,USD
78,CTR-00078,216,81,active,2025-02-09,2025-03-23,2029-03-22,false,120,quarterly,USD
79,CTR-00079,223,83,active,2025-06-19,2025-07-12,2027-07-11,false,30,monthly,USD
80,CTR-00080,226,84,active,2024-09-03,2024-10-07,2028-10-06,true,60,annual,USD
81,CTR-00081,228,85,expired,2023-09-01,2023-10-22,2024-10-21,true,120,quarterly,USD
82,CTR-00082,230,86,active,2024-12-30,2025-01-26,2026-01-25,true,60,annual,USD
83,CTR-00083,231,86,active,2025-03-14,2025-03-31,2026-03-30,true,30,annual,USD
84,CTR-00084,233,87,active,2024-01-13,2024-03-05,2026-03-04,true,30,annual,USD
85,CTR-00085,234,87,expired,2024-10-08,2024-10-18,2025-10-17,true,120,annual,USD
86,CTR-00086,236,88,active,2024-09-10,2024-10-01,2026-09-30,false,60,annual,USD
87,CTR-00087,239,90,active,2025-02-11,2025-03-21,2026-03-20,true,60,annual,USD
88,CTR-00088,242,91,active,2025-04-30,2025-07-04,2028-07-03,false,30,annual,USD
89,CTR-00089,244,92,active,2025-03-18,2025-03-20,2027-03-19,false,60,annual,USD
90,CTR-00090,245,92,active,2025-04-04,2025-05-07,2027-05-06,true,90,annual,USD
91,CTR-00091,246,92,active,2024-09-28,2024-11-05,2027-11-04,true,120,annual,USD
92,CTR-00092,248,93,expired,2024-05-31,2024-06-01,2025-05-31,true,30,upfront,USD
93,CTR-00093,253,95,active,2024-01-16,2024-03-08,2027-03-07,true,60,annual,USD
94,CTR-00094,256,96,active,2025-10-14,2025-12-06,2029-12-05,false,90,quarterly,USD
95,CTR-00095,265,99,active,2025-07-04,2025-07-20,2026-07-19,false,90,upfront,USD
96,CTR-00096,282,106,active,2025-10-30,2025-11-10,2029-11-09,false,60,quarterly,USD
97,CTR-00097,283,107,active,2024-11-08,2025-01-14,2026-01-13,true,30,annual,USD
98,CTR-00098,284,107,expired,2023-06-14,2023-06-23,2025-06-22,false,30,quarterly,USD
99,CTR-00099,285,107,active,2024-06-10,2024-08-19,2026-08-18,false,30,annual,USD
100,CTR-00100,287,108,active,2024-07-03,2024-08-06,2029-08-05,true,120,quarterly,USD
101,CTR-00101,294,110,active,2024-08-04,2024-08-27,2027-08-26,true,90,quarterly,USD
102,CTR-00102,295,111,active,2025-12-01,2026-01-19,2028-01-18,true,90,annual,USD
103,CTR-00103,296,111,active,2023-07-25,2023-08-19,2026-08-18,false,90,annual,USD
104,CTR-00104,304,114,active,2025-07-19,2025-09-24,2028-09-23,true,90,annual,USD
105,CTR-00105,305,114,active,2024-05-20,2024-07-10,2026-07-09,false,60,annual,USD
106,CTR-00106,306,115,active,2025-06-16,2025-08-06,2028-08-05,false,90,annual,USD
107,CTR-00107,309,116,expired,2024-05-03,2024-07-07,2025-07-06,false,90,annual,USD
108,CTR-00108,312,117,active,2025-10-25,2025-11-17,2026-11-16,true,120,annual,USD
109,CTR-00109,316,119,expired,2023-11-20,2023-12-08,2024-12-07,true,60,monthly,USD
110,CTR-00110,317,120,active,2025-02-11,2025-03-18,2026-03-17,true,60,annual,USD
111,CTR-00111,318,120,active,2025-04-04,2025-04-19,2028-04-18,true,120,annual,USD
112,CTR-00112,319,121,active,2025-01-08,2025-01-27,2028-01-26,false,90,annual,USD
113,CTR-00113,322,122,expired,2023-03-28,2023-05-16,2024-05-15,true,90,quarterly,USD
114,CTR-00114,326,124,expired,2023-07-02,2023-08-14,2024-08-13,false,120,annual,USD
115,CTR-00115,327,124,expired,2023-02-20,2023-04-22,2025-04-21,true,30,annual,USD
116,CTR-00116,328,125,active,2025-03-20,2025-05-17,2027-05-16,false,90,annual,USD
117,CTR-00117,329,125,active,2024-07-26,2024-08-13,2029-08-12,true,120,annual,USD
118,CTR-00118,331,126,active,2025-01-05,2025-01-19,2027-01-18,false,120,annual,USD
119,CTR-00119,335,128,expired,2023-09-06,2023-10-13,2025-10-12,true,60,quarterly,USD
120,CTR-00120,336,128,active,2023-06-21,2023-07-07,2026-07-06,false,60,annual,USD
121,CTR-00121,340,130,expired,2024-05-26,2024-06-12,2025-06-11,true,90,annual,USD
122,CTR-00122,342,130,active,2024-03-04,2024-05-15,2027-05-14,false,90,annual,USD
123,CTR-00123,344,131,expired,2023-05-05,2023-06-23,2024-06-22,true,60,quarterly,USD
124,CTR-00124,345,131,expired,2024-07-06,2024-07-17,2025-07-16,false,120,annual,USD
125,CTR-00125,346,132,expired,2023-04-17,2023-04-25,2025-04-24,true,90,quarterly,USD
126,CTR-00126,349,134,expired,2023-05-14,2023-06-19,2025-06-18,false,30,annual,USD
127,CTR-00127,350,134,active,2025-06-11,2025-06-26,2027-06-25,true,60,annual,USD
128,CTR-00128,356,136,expired,2023-03-16,2023-04-02,2025-04-01,false,30,quarterly,USD
129,CTR-00129,360,138,active,2024-04-17,2024-06-01,2026-05-31,false,30,monthly,USD
130,CTR-00130,361,138,active,2025-06-07,2025-08-11,2028-08-10,false,30,annual,USD
131,CTR-00131,363,139,active,2024-10-31,2024-12-04,2025-12-03,true,30,annual,USD
132,CTR-00132,364,139,active,2025-09-05,2025-10-30,2026-10-29,true,120,annual,USD
133,CTR-00133,365,139,expired,2023-03-20,2023-04-10,2024-04-09,true,120,annual,USD
134,CTR-00134,366,139,active,2023-07-05,2023-07-15,2028-07-14,true,90,annual,USD
135,CTR-00135,368,140,active,2024-09-03,2024-09-18,2028-09-17,true,60,annual,USD
136,CTR-00136,369,140,expired,2023-06-18,2023-07-08,2024-07-07,true,30,annual,USD
137,CTR-00137,371,141,active,2023-01-16,2023-01-28,2026-01-27,false,30,annual,USD
138,CTR-00138,376,143,expired,2023-11-27,2023-11-25,2024-11-24,false,120,annual,USD
139,CTR-00139,386,146,active,2025-01-05,2025-02-27,2027-02-26,true,60,annual,USD
140,CTR-00140,400,153,expired,2023-11-20,2024-01-17,2025-01-16,false,30,quarterly,USD
141,CTR-00141,407,156,expired,2024-05-30,2024-08-06,2025-08-05,true,30,quarterly,USD
142,CTR-00142,408,156,expired,2024-04-06,2024-06-01,2025-05-31,false,30,upfront,USD
143,CTR-00143,410,157,expired,2023-05-31,2023-07-06,2025-07-05,true,30,quarterly,USD
144,CTR-00144,411,157,expired,2023-08-01,2023-08-05,2025-08-04,true,30,annual,USD
145,CTR-00145,412,157,active,2024-12-19,2025-01-16,2027-01-15,false,90,annual,USD
146,CTR-00146,416,160,active,2025-07-03,2025-08-04,2026-08-03,true,60,annual,USD
147,CTR-00147,417,160,active,2025-06-21,2025-07-21,2027-07-20,false,60,upfront,USD
148,CTR-00148,421,162,expired,2024-03-17,2024-03-20,2025-03-19,true,60,annual,USD
149,CTR-00149,422,163,active,2023-03-17,2023-04-08,2026-04-07,true,120,annual,USD
150,CTR-00150,423,163,active,2024-05-16,2024-05-27,2026-05-26,false,120,upfront,USD
151,CTR-00151,424,163,active,2025-02-28,2025-04-09,2027-04-08,true,120,annual,USD
152,CTR-00152,425,163,active,2024-04-06,2024-06-15,2028-06-14,true,120,annual,USD
153,CTR-00153,430,165,expired,2023-12-28,2024-03-01,2025-02-28,true,90,upfront,USD
154,CTR-00154,431,166,expired,2023-11-29,2023-12-09,2024-12-08,true,30,annual,USD
155,CTR-00155,434,167,expired,2023-02-05,2023-02-12,2025-02-11,true,90,quarterly,USD
156,CTR-00156,435,167,expired,2023-02-26,2023-04-14,2024-04-13,true,30,annual,USD
157,CTR-00157,437,168,expired,2023-05-11,2023-06-19,2024-06-18,true,90,annual,USD
158,CTR-00158,438,168,active,2024-02-07,2024-03-20,2026-03-19,true,90,annual,USD
159,CTR-00159,439,169,active,2024-01-27,2024-01-26,2026-01-25,true,90,monthly,USD
160,CTR-00160,440,169,expired,2023-08-17,2023-09-06,2025-09-05,true,60,annual,USD
161,CTR-00161,444,171,expired,2023-10-05,2023-11-30,2024-11-29,true,90,annual,USD
162,CTR-00162,446,173,active,2025-01-24,2025-03-03,2026-03-02,true,90,annual,USD
163,CTR-00163,448,173,active,2024-01-30,2024-03-30,2027-03-29,true,60,annual,USD
164,CTR-00164,451,174,active,2025-06-16,2025-08-04,2028-08-03,true,90,annual,USD
165,CTR-00165,453,175,active,2025-12-24,2026-01-29,2029-01-28,false,60,annual,USD
166,CTR-00166,455,175,expired,2024-03-26,2024-05-01,2025-04-30,false,60,annual,USD
167,CTR-00167,461,178,expired,2024-10-03,2024-11-29,2025-11-28,false,120,annual,USD
168,CTR-00168,464,180,active,2024-07-03,2024-08-27,2026-08-26,false,30,annual,USD
169,CTR-00169,468,181,active,2023-11-20,2023-12-14,2027-12-13,true,90,quarterly,USD
170,CTR-00170,471,182,expired,2024-09-01,2024-10-06,2025-10-05,false,60,annual,USD
171,CTR-00171,477,185,expired,2023-04-10,2023-05-02,2024-05-01,true,120,annual,USD
172,CTR-00172,478,185,active,2025-02-01,2025-02-25,2026-02-24,true,30,annual,USD
173,CTR-00173,479,185,active,2023-05-20,2023-07-23,2027-07-22,false,30,annual,USD
174,CTR-00174,482,186,active,2024-08-22,2024-10-22,2026-10-21,true,60,quarterly,USD
175,CTR-00175,483,187,active,2023-10-08,2023-12-05,2025-12-04,true,60,annual,USD
176,CTR-00176,485,187,active,2024-10-23,2024-11-02,2029-11-01,false,60,monthly,USD
177,CTR-00177,486,187,expired,2023-08-12,2023-08-24,2025-08-23,false,90,upfront,USD
178,CTR-00178,487,188,active,2024-02-04,2024-03-01,2026-02-28,false,90,monthly,USD
179,CTR-00179,488,188,active,2024-05-14,2024-06-30,2026-06-29,true,60,annual,USD
180,CTR-00180,489,188,active,2025-02-01,2025-02-16,2028-02-15,true,90,annual,USD
181,CTR-00181,495,191,expired,2023-04-02,2023-06-01,2024-05-31,false,60,annual,USD
182,CTR-00182,497,192,expired,2023-05-30,2023-06-23,2024-06-22,true,30,annual,USD
183,CTR-00183,501,194,active,2025-09-09,2025-09-29,2029-09-28,true,120,annual,USD
184,CTR-00184,502,194,expired,2023-03-22,2023-05-20,2025-05-19,true,60,annual,USD
185,CTR-00185,505,195,expired,2023-08-23,2023-09-08,2024-09-07,false,120,quarterly,USD
186,CTR-00186,506,196,active,2024-01-02,2024-01-18,2026-01-17,false,60,annual,USD
187,CTR-00187,507,196,active,2023-04-11,2023-05-08,2027-05-07,true,30,annual,USD
188,CTR-00188,508,196,active,2024-12-01,2025-01-13,2026-01-12,true,30,annual,USD
189,CTR-00189,510,198,expired,2024-05-05,2024-05-06,2025-05-05,false,90,annual,USD
190,CTR-00190,512,198,active,2025-01-15,2025-01-16,2028-01-15,true,30,annual,USD
191,CTR-00191,515,199,active,2024-12-31,2024-12-30,2025-12-29,true,90,annual,USD
192,CTR-00192,520,201,active,2025-11-13,2025-12-26,2026-12-25,true,60,annual,USD
193,CTR-00193,528,205,expired,2023-07-18,2023-08-17,2024-08-16,false,90,annual,USD
194,CTR-00194,531,207,expired,2023-07-12,2023-08-02,2025-08-01,false,30,annual,USD
195,CTR-00195,534,207,active,2025-05-15,2025-07-18,2028-07-17,true,30,annual,USD
196,CTR-00196,535,208,expired,2024-10-13,2024-10-25,2025-10-24,false,60,annual,USD
197,CTR-00197,536,208,active,2024-11-21,2024-12-22,2027-12-21,false,60,monthly,USD
198,CTR-00198,537,208,expired,2024-04-30,2024-05-28,2025-05-27,true,60,upfront,USD
199,CTR-00199,538,209,expired,2023-08-19,2023-09-25,2025-09-24,true,90,annual,USD
200,CTR-00200,543,211,active,2023-08-24,2023-09-27,2027-09-26,true,120,annual,USD
201,CTR-00201,544,211,active,2025-10-08,2025-11-09,2028-11-08,true,120,annual,USD
202,CTR-00202,546,211,active,2024-10-18,2024-12-20,2027-12-19,true,30,upfront,USD
203,CTR-00203,547,212,expired,2024-05-12,2024-07-06,2025-07-05,true,60,quarterly,USD
204,CTR-00204,548,212,active,2025-08-17,2025-09-25,2026-09-24,false,30,annual,USD
205,CTR-00205,549,213,active,2024-01-22,2024-02-15,2026-02-14,false,120,annual,USD
206,CTR-00206,550,213,expired,2023-08-11,2023-10-09,2025-10-08,true,60,annual,USD
207,CTR-00207,551,213,active,2024-05-09,2024-06-06,2029-06-05,false,30,annual,USD
208,CTR-00208,552,213,active,2023-02-12,2023-03-15,2026-03-14,true,30,annual,USD
209,CTR-00209,554,214,active,2025-03-27,2025-04-19,2027-04-18,true,60,annual,USD
210,CTR-00210,555,214,active,2025-07-14,2025-08-08,2026-08-07,true,30,annual,USD
211,CTR-00211,556,215,expired,2023-04-04,2023-04-18,2025-04-17,false,60,quarterly,USD
212,CTR-00212,558,216,expired,2023-04-18,2023-06-20,2025-06-19,false,30,annual,USD
213,CTR-00213,560,216,active,2025-07-04,2025-08-16,2026-08-15,false,120,annual,USD
214,CTR-00214,561,217,expired,2023-01-28,2023-02-21,2024-02-20,false,90,annual,USD
215,CTR-00215,564,218,active,2025-09-18,2025-11-08,2027-11-07,true,90,annual,USD
216,CTR-00216,565,218,expired,2024-09-20,2024-10-27,2025-10-26,true,120,quarterly,USD
217,CTR-00217,566,218,active,2024-10-06,2024-11-03,2026-11-02,true,90,annual,USD
218,CTR-00218,569,219,active,2023-10-03,2023-11-08,2026-11-07,false,90,annual,USD
219,CTR-00219,573,221,expired,2023-10-08,2023-12-09,2024-12-08,false,90,annual,USD
220,CTR-00220,574,221,active,2025-01-29,2025-03-23,2026-03-22,false,90,annual,USD
221,CTR-00221,575,222,active,2025-03-23,2025-05-21,2028-05-20,true,30,annual,USD
222,CTR-00222,577,222,active,2024-08-08,2024-09-17,2026-09-16,true,30,annual,USD
223,CTR-00223,579,223,active,2025-04-26,2025-06-21,2028-06-20,false,90,annual,USD
224,CTR-00224,580,223,active,2024-07-25,2024-08-31,2029-08-30,false,120,monthly,USD
225,CTR-00225,581,223,active,2024-11-15,2024-11-26,2029-11-25,false,60,annual,USD
226,CTR-00226,587,225,active,2024-07-23,2024-08-27,2027-08-26,false,60,quarterly,USD
227,CTR-00227,589,227,active,2025-03-19,2025-04-08,2027-04-07,true,90,annual,USD
228,CTR-00228,590,227,active,2025-11-08,2026-01-15,2027-01-14,true,120,monthly,USD
229,CTR-00229,593,229,expired,2023-02-25,2023-04-07,2024-04-06,true,120,annual,USD
230,CTR-00230,595,230,active,2025-05-04,2025-06-03,2026-06-02,false,120,annual,USD
231,CTR-00231,597,231,active,2025-03-30,2025-04-11,2028-04-10,true,30,annual,USD
232,CTR-00232,598,231,expired,2023-10-15,2023-11-30,2025-11-29,false,90,quarterly,USD
233,CTR-00233,599,232,expired,2023-08-20,2023-09-06,2024-09-05,false,60,annual,USD
234,CTR-00234,600,232,active,2024-12-17,2025-01-13,2026-01-12,true,120,monthly,USD
235,CTR-00235,602,233,active,2025-10-10,2025-11-21,2027-11-20,true,60,annual,USD
236,CTR-00236,605,234,active,2025-05-19,2025-07-08,2026-07-07,true,60,upfront,USD
237,CTR-00237,607,235,active,2023-03-28,2023-05-21,2026-05-20,true,60,annual,USD
238,CTR-00238,608,235,active,2024-03-07,2024-05-08,2026-05-07,true,90,annual,USD
239,CTR-00239,612,237,active,2024-02-25,2024-03-09,2027-03-08,true,120,annual,USD
240,CTR-00240,619,240,active,2025-02-14,2025-03-29,2027-03-28,true,30,annual,USD
241,CTR-00241,620,240,expired,2023-05-31,2023-07-14,2025-07-13,true,120,annual,USD
242,CTR-00242,622,241,expired,2023-05-11,2023-06-02,2025-06-01,true,60,quarterly,USD
243,CTR-00243,623,241,expired,2023-10-30,2023-11-11,2025-11-10,false,120,monthly,USD
244,CTR-00244,625,241,active,2025-12-06,2026-01-30,2029-01-29,false,60,annual,USD
245,CTR-00245,628,243,active,2025-05-18,2025-07-18,2027-07-17,false,120,annual,USD
246,CTR-00246,629,243,active,2025-08-12,2025-10-12,2027-10-11,true,30,annual,USD
247,CTR-00247,631,244,active,2025-01-28,2025-03-12,2027-03-11,false,120,annual,USD
248,CTR-00248,634,246,active,2025-04-06,2025-05-10,2027-05-09,false,120,annual,USD
249,CTR-00249,638,248,active,2025-09-21,2025-10-16,2027-10-15,false,60,annual,USD
250,CTR-00250,639,248,active,2023-06-05,2023-07-07,2026-07-06,false,60,quarterly,USD
251,CTR-00251,640,248,active,2025-05-09,2025-07-12,2028-07-11,true,60,annual,USD
252,CTR-00252,641,249,active,2025-08-05,2025-08-25,2026-08-24,false,60,annual,USD
253,CTR-00253,642,249,active,2024-11-11,2025-01-05,2027-01-04,true,90,annual,USD
254,CTR-00254,645,251,expired,2024-04-14,2024-05-02,2025-05-01,false,60,annual,USD
255,CTR-00255,646,251,active,2025-08-03,2025-10-06,2026-10-05,true,60,annual,USD
256,CTR-00256,650,252,active,2025-07-16,2025-08-25,2028-08-24,false,30,quarterly,USD
257,CTR-00257,651,252,active,2024-08-16,2024-10-13,2026-10-12,false,90,quarterly,USD
258,CTR-00258,653,253,expired,2024-02-10,2024-03-17,2025-03-16,true,120,annual,USD
259,CTR-00259,654,253,expired,2023-03-09,2023-03-18,2024-03-17,true,90,quarterly,USD
260,CTR-00260,661,256,expired,2024-10-15,2024-11-11,2025-11-10,false,30,quarterly,USD
261,CTR-00261,663,257,active,2025-06-22,2025-07-26,2026-07-25,true,30,annual,USD
262,CTR-00262,664,257,active,2023-06-22,2023-07-03,2026-07-02,false,60,annual,USD
263,CTR-00263,668,259,expired,2024-10-24,2024-11-22,2025-11-21,false,90,quarterly,USD
264,CTR-00264,669,259,active,2025-10-24,2025-11-12,2027-11-11,false,60,upfront,USD
265,CTR-00265,673,261,active,2024-12-27,2025-01-03,2027-01-02,true,30,annual,USD
266,CTR-00266,678,262,active,2024-02-28,2024-04-02,2028-04-01,false,30,quarterly,USD
267,CTR-00267,679,263,active,2024-04-29,2024-07-09,2028-07-08,true,60,annual,USD
268,CTR-00268,680,263,expired,2023-03-01,2023-04-11,2025-04-10,false,90,annual,USD
269,CTR-00269,683,263,expired,2023-10-11,2023-11-01,2024-10-31,false,120,annual,USD
270,CTR-00270,684,264,active,2025-10-06,2025-10-28,2026-10-27,true,120,annual,USD
271,CTR-00271,685,264,expired,2024-02-21,2024-03-13,2025-03-12,true,30,annual,USD
272,CTR-00272,687,265,active,2025-06-03,2025-08-08,2028-08-07,true,90,annual,USD
273,CTR-00273,697,269,active,2025-02-18,2025-04-07,2027-04-06,false,90,annual,USD
274,CTR-00274,699,270,active,2023-02-05,2023-02-28,2028-02-27,true,60,quarterly,USD
275,CTR-00275,700,270,expired,2023-12-31,2024-02-01,2025-01-31,true,60,annual,USD
276,CTR-00276,702,270,expired,2024-03-06,2024-04-25,2025-04-24,true,90,annual,USD
277,CTR-00277,703,270,active,2025-12-10,2025-12-13,2028-12-12,true,30,annual,USD
278,CTR-00278,704,271,active,2024-03-31,2024-04-26,2026-04-25,true,30,quarterly,USD
279,CTR-00279,706,271,active,2025-05-21,2025-07-26,2026-07-25,true,60,annual,USD
280,CTR-00280,707,271,expired,2023-05-07,2023-06-07,2025-06-06,false,30,annual,USD
281,CTR-00281,712,274,expired,2024-05-08,2024-06-10,2025-06-09,true,90,monthly,USD
282,CTR-00282,713,274,expired,2023-05-10,2023-05-26,2025-05-25,false,30,quarterly,USD
283,CTR-00283,717,275,active,2024-04-02,2024-05-02,2026-05-01,false,60,annual,USD
284,CTR-00284,720,277,active,2024-10-14,2024-10-23,2026-10-22,true,120,annual,USD
285,CTR-00285,721,277,active,2023-11-07,2024-01-03,2027-01-02,false,90,upfront,USD
286,CTR-00286,727,279,active,2023-12-06,2024-01-14,2026-01-13,false,30,annual,USD
287,CTR-00287,728,280,expired,2023-05-29,2023-07-04,2024-07-03,true,30,annual,USD
288,CTR-00288,729,280,expired,2023-08-25,2023-11-02,2024-11-01,false,30,annual,USD
289,CTR-00289,732,281,active,2025-10-26,2025-12-29,2028-12-28,true,120,annual,USD
290,CTR-00290,737,283,active,2025-10-26,2025-12-13,2026-12-12,true,60,annual,USD
291,CTR-00291,738,283,expired,2024-03-05,2024-03-14,2025-03-13,false,120,annual,USD
292,CTR-00292,740,284,active,2025-06-13,2025-08-12,2027-08-11,true,60,annual,USD
293,CTR-00293,745,285,active,2025-03-18,2025-05-08,2026-05-07,true,60,annual,USD
294,CTR-00294,746,286,active,2026-01-01,2026-02-27,2028-02-26,false,30,annual,USD
295,CTR-00295,747,286,active,2023-08-12,2023-09-23,2026-09-22,true,60,quarterly,USD
296,CTR-00296,748,286,active,2023-05-21,2023-05-30,2026-05-29,false,120,upfront,USD
297,CTR-00297,749,286,active,2025-02-02,2025-03-07,2027-03-06,true,30,annual,USD
298,CTR-00298,750,287,active,2025-04-27,2025-06-21,2028-06-20,false,60,annual,USD
299,CTR-00299,751,287,active,2024-03-05,2024-03-03,2027-03-02,false,120,annual,USD
300,CTR-00300,756,289,active,2025-05-25,2025-07-22,2026-07-21,false,90,annual,USD
301,CTR-00301,757,289,expired,2024-05-26,2024-06-23,2025-06-22,true,90,annual,USD
302,CTR-00302,764,292,active,2024-10-25,2024-12-17,2025-12-16,false,60,monthly,USD
303,CTR-00303,765,293,active,2023-12-10,2024-01-12,2026-01-11,false,120,annual,USD
304,CTR-00304,766,293,active,2025-08-17,2025-08-28,2026-08-27,true,120,quarterly,USD
305,CTR-00305,772,295,expired,2023-07-19,2023-08-21,2024-08-20,false,30,annual,USD
306,CTR-00306,776,298,active,2023-09-09,2023-10-31,2027-10-30,true,120,annual,USD
307,CTR-00307,777,298,active,2024-04-17,2024-05-23,2027-05-22,false,90,annual,USD
308,CTR-00308,786,301,expired,2023-12-24,2023-12-29,2024-12-28,true,90,annual,USD
309,CTR-00309,787,301,active,2025-02-13,2025-03-29,2027-03-28,true,60,annual,USD
310,CTR-00310,789,301,expired,2024-06-27,2024-08-10,2025-08-09,false,60,annual,USD
311,CTR-00311,790,302,active,2025-02-12,2025-03-15,2027-03-14,true,60,annual,USD
312,CTR-00312,793,303,expired,2023-08-02,2023-09-04,2025-09-03,true,30,upfront,USD
313,CTR-00313,798,305,expired,2023-04-21,2023-06-10,2024-06-09,true,60,annual,USD
314,CTR-00314,799,305,active,2025-02-04,2025-02-27,2027-02-26,true,30,annual,USD
315,CTR-00315,808,309,active,2025-03-13,2025-04-09,2026-04-08,false,60,annual,USD
316,CTR-00316,809,309,active,2025-01-21,2025-03-09,2026-03-08,true,60,annual,USD
317,CTR-00317,810,310,active,2025-12-17,2026-01-27,2027-01-26,true,90,monthly,USD
318,CTR-00318,815,312,expired,2023-04-21,2023-05-19,2025-05-18,true,90,annual,USD
319,CTR-00319,816,312,expired,2023-09-06,2023-09-10,2025-09-09,true,120,annual,USD
320,CTR-00320,817,313,expired,2024-06-22,2024-08-21,2025-08-20,false,30,annual,USD
321,CTR-00321,818,314,active,2023-04-22,2023-06-19,2026-06-18,false,90,annual,USD
322,CTR-00322,820,314,active,2024-11-08,2025-01-10,2028-01-09,true,60,annual,USD
323,CTR-00323,821,314,active,2025-01-22,2025-03-20,2026-03-19,true,120,annual,USD
324,CTR-00324,827,317,expired,2023-08-11,2023-10-02,2024-10-01,true,90,annual,USD
325,CTR-00325,830,319,active,2023-03-03,2023-04-13,2026-04-12,true,90,annual,USD
326,CTR-00326,832,320,active,2024-04-25,2024-05-27,2026-05-26,true,90,annual,USD
327,CTR-00327,833,320,active,2025-02-03,2025-02-25,2027-02-24,false,30,monthly,USD
328,CTR-00328,834,321,expired,2023-10-18,2023-11-25,2025-11-24,false,60,annual,USD
329,CTR-00329,836,321,active,2025-01-12,2025-01-18,2026-01-17,true,60,upfront,USD
330,CTR-00330,837,322,active,2025-07-17,2025-07-31,2027-07-30,true,90,monthly,USD
331,CTR-00331,839,322,active,2023-01-18,2023-02-11,2026-02-10,true,30,monthly,USD
332,CTR-00332,841,323,expired,2024-11-15,2024-11-26,2025-11-25,true,120,quarterly,USD
333,CTR-00333,843,323,expired,2023-03-01,2023-03-19,2024-03-18,true,30,quarterly,USD
334,CTR-00334,848,325,active,2023-02-10,2023-03-11,2028-03-10,true,30,quarterly,USD
335,CTR-00335,849,325,active,2024-07-15,2024-09-25,2028-09-24,true,30,annual,USD
336,CTR-00336,850,325,active,2025-02-17,2025-04-17,2028-04-16,false,30,annual,USD
337,CTR-00337,851,325,active,2025-11-25,2026-01-04,2029-01-03,true,120,annual,USD
338,CTR-00338,852,326,active,2024-01-22,2024-02-29,2026-02-27,false,120,annual,USD
339,CTR-00339,856,327,active,2025-07-31,2025-09-22,2026-09-21,true,30,quarterly,USD
340,CTR-00340,860,328,active,2024-09-20,2024-11-17,2027-11-16,true,60,monthly,USD
341,CTR-00341,862,329,active,2024-12-17,2025-02-14,2030-02-13,true,120,annual,USD
342,CTR-00342,865,330,expired,2023-02-12,2023-03-14,2024-03-13,true,30,monthly,USD
343,CTR-00343,867,330,expired,2023-11-06,2023-11-11,2025-11-10,true,90,annual,USD
344,CTR-00344,871,332,active,2023-08-22,2023-09-15,2026-09-14,true,30,annual,USD
345,CTR-00345,872,332,expired,2024-09-18,2024-10-20,2025-10-19,true,120,annual,USD
346,CTR-00346,873,333,active,2025-11-14,2026-01-03,2027-01-02,false,90,quarterly,USD
347,CTR-00347,875,333,expired,2023-04-04,2023-05-14,2024-05-13,false,90,quarterly,USD
348,CTR-00348,876,334,active,2025-02-03,2025-02-27,2026-02-26,false,120,annual,USD
349,CTR-00349,877,334,active,2025-02-06,2025-02-23,2026-02-22,true,30,annual,USD
350,CTR-00350,882,336,active,2025-12-07,2026-01-03,2027-01-02,true,90,annual,USD
351,CTR-00351,883,336,active,2025-04-11,2025-06-22,2027-06-21,true,90,annual,USD
352,CTR-00352,884,336,expired,2023-02-06,2023-03-15,2024-03-14,true,120,annual,USD
353,CTR-00353,887,338,active,2025-11-03,2025-11-26,2026-11-25,true,90,annual,USD
354,CTR-00354,891,340,active,2024-07-10,2024-08-18,2026-08-17,true,60,annual,USD
355,CTR-00355,894,341,expired,2023-03-29,2023-06-08,2025-06-07,false,60,annual,USD
356,CTR-00356,899,343,active,2024-12-26,2025-02-04,2029-02-03,true,30,annual,USD
357,CTR-00357,901,344,active,2025-02-03,2025-03-31,2027-03-30,true,30,annual,USD
358,CTR-00358,904,345,expired,2023-04-16,2023-04-27,2024-04-26,false,120,annual,USD
359,CTR-00359,907,347,active,2024-10-01,2024-10-30,2026-10-29,true,90,annual,USD
360,CTR-00360,908,347,active,2025-12-19,2025-12-22,2026-12-21,true,120,annual,USD
361,CTR-00361,916,350,active,2023-09-16,2023-09-28,2027-09-27,true,60,annual,USD
362,CTR-00362,918,350,active,2023-06-17,2023-06-18,2026-06-17,false,90,annual,USD
363,CTR-00363,919,351,active,2025-01-13,2025-02-02,2030-02-01,true,30,annual,USD
364,CTR-00364,921,351,active,2024-07-22,2024-07-31,2029-07-30,false,60,annual,USD
365,CTR-00365,930,355,expired,2024-09-03,2024-11-01,2025-10-31,false,120,annual,USD
366,CTR-00366,932,356,active,2024-11-19,2025-01-11,2027-01-10,false,60,annual,USD
367,CTR-00367,934,357,active,2025-11-01,2025-12-20,2026-12-19,true,60,annual,USD
368,CTR-00368,937,358,active,2023-12-12,2024-02-01,2026-01-31,true,90,annual,USD
369,CTR-00369,938,358,active,2023-12-24,2024-02-12,2026-02-11,true,60,annual,USD
370,CTR-00370,939,358,active,2025-03-28,2025-04-24,2028-04-23,true,30,quarterly,USD
371,CTR-00371,940,359,expired,2023-07-21,2023-08-01,2024-07-31,false,60,annual,USD
372,CTR-00372,941,359,active,2024-12-18,2025-01-13,2026-01-12,true,60,annual,USD
373,CTR-00373,942,359,active,2023-12-02,2023-12-24,2027-12-23,false,120,annual,USD
374,CTR-00374,943,359,active,2025-04-03,2025-05-08,2026-05-07,false,90,annual,USD
375,CTR-00375,944,360,active,2024-10-06,2024-10-25,2026-10-24,true,120,annual,USD
376,CTR-00376,945,360,active,2025-07-28,2025-09-12,2026-09-11,true,120,annual,USD
377,CTR-00377,962,367,active,2025-11-10,2025-12-25,2026-12-24,false,120,quarterly,USD
378,CTR-00378,968,369,active,2024-09-20,2024-11-13,2027-11-12,false,120,annual,USD
379,CTR-00379,969,369,active,2024-01-13,2024-02-13,2026-02-12,false,30,annual,USD
380,CTR-00380,970,369,active,2025-11-08,2025-12-07,2030-12-06,false,120,annual,USD
381,CTR-00381,972,370,active,2025-02-19,2025-04-19,2027-04-18,false,30,monthly,USD
382,CTR-00382,974,370,expired,2023-05-02,2023-05-06,2025-05-05,true,90,quarterly,USD
383,CTR-00383,975,371,active,2024-08-15,2024-10-23,2027-10-22,false,60,annual,USD
384,CTR-00384,976,371,expired,2023-02-01,2023-03-05,2024-03-04,true,90,annual,USD
385,CTR-00385,980,372,active,2024-12-16,2025-01-22,2028-01-21,true,120,quarterly,USD
386,CTR-00386,981,372,active,2025-09-03,2025-10-02,2026-10-01,true,60,annual,USD
387,CTR-00387,995,378,active,2025-06-08,2025-06-15,2026-06-14,false,120,quarterly,USD
388,CTR-00388,996,379,active,2026-01-04,2026-02-25,2028-02-24,false,120,upfront,USD
389,CTR-00389,997,379,active,2025-10-27,2025-12-28,2027-12-27,true,90,annual,USD
390,CTR-00390,999,380,active,2024-08-31,2024-10-11,2027-10-10,false,90,annual,USD
391,CTR-00391,1006,382,expired,2023-02-23,2023-03-14,2024-03-13,true,30,quarterly,USD
392,CTR-00392,1009,383,active,2025-05-31,2025-06-30,2026-06-29,false,120,annual,USD
393,CTR-00393,1010,384,expired,2024-06-21,2024-08-12,2025-08-11,true,60,annual,USD
394,CTR-00394,1014,385,active,2025-01-03,2025-02-15,2026-02-14,false,120,annual,USD
395,CTR-00395,1019,387,expired,2023-06-26,2023-08-14,2024-08-13,false,60,annual,USD
396,CTR-00396,1022,388,expired,2023-04-15,2023-05-14,2025-05-13,true,120,annual,USD
397,CTR-00397,1024,388,active,2024-11-30,2025-01-07,2026-01-06,true,120,upfront,USD
398,CTR-00398,1025,389,expired,2023-09-22,2023-10-26,2024-10-25,false,30,annual,USD
399,CTR-00399,1026,389,active,2025-09-11,2025-11-16,2026-11-15,false,120,annual,USD
400,CTR-00400,1027,390,expired,2023-12-20,2024-01-10,2025-01-09,true,60,monthly,USD
401,CTR-00401,1028,390,expired,2024-08-31,2024-10-02,2025-10-01,true,90,annual,USD
402,CTR-00402,1029,390,active,2025-06-25,2025-07-30,2026-07-29,true,60,quarterly,USD
403,CTR-00403,1030,391,expired,2024-01-27,2024-03-27,2025-03-26,true,120,annual,USD
404,CTR-00404,1031,391,active,2025-06-16,2025-07-22,2026-07-21,true,30,annual,USD
405,CTR-00405,1032,391,active,2024-12-31,2025-02-24,2026-02-23,false,60,annual,USD
406,CTR-00406,1033,392,active,2025-07-30,2025-09-14,2026-09-13,false,90,annual,USD
407,CTR-00407,1034,392,active,2025-10-07,2025-11-26,2026-11-25,false,90,annual,USD
408,CTR-00408,1035,392,active,2023-01-20,2023-03-27,2027-03-26,true,120,annual,USD
409,CTR-00409,1043,395,active,2023-12-22,2024-01-27,2027-01-26,true,30,quarterly,USD
410,CTR-00410,1045,396,expired,2024-01-28,2024-03-27,2025-03-26,false,90,annual,USD
411,CTR-00411,1047,397,active,2024-07-06,2024-07-18,2026-07-17,true,30,quarterly,USD
412,CTR-00412,1048,397,expired,2024-08-02,2024-09-30,2025-09-29,true,60,annual,USD
413,CTR-00413,1049,397,active,2023-12-10,2024-01-18,2026-01-17,false,60,annual,USD
414,CTR-00414,1050,397,expired,2023-09-16,2023-10-31,2024-10-30,true,90,annual,USD
415,CTR-00415,1055,400,active,2023-10-01,2023-10-23,2026-10-22,true,30,annual,USD
416,CTR-00416,1056,400,expired,2023-11-02,2023-11-19,2025-11-18,false,120,annual,USD
417,CTR-00417,1057,400,expired,2023-03-10,2023-04-24,2024-04-23,true,90,upfront,USD
418,CTR-00418,1064,403,active,2025-06-17,2025-06-20,2027-06-19,false,60,annual,USD
419,CTR-00419,1066,404,expired,2023-06-19,2023-06-25,2024-06-24,false,120,annual,USD
420,CTR-00420,1067,404,active,2025-07-07,2025-08-30,2027-08-29,false,30,annual,USD
421,CTR-00421,1070,405,active,2024-09-19,2024-10-21,2027-10-20,false,120,quarterly,USD
422,CTR-00422,1071,405,active,2024-03-26,2024-04-18,2028-04-17,true,90,annual,USD
423,CTR-00423,1074,406,expired,2023-01-16,2023-02-18,2025-02-17,true,60,annual,USD
424,CTR-00424,1076,407,active,2025-12-29,2026-02-07,2028-02-06,false,120,quarterly,USD
425,CTR-00425,1081,408,expired,2023-06-10,2023-06-23,2024-06-22,true,90,monthly,USD
426,CTR-00426,1084,410,expired,2023-01-13,2023-01-25,2025-01-24,false,30,annual,USD
427,CTR-00427,1085,410,active,2024-04-25,2024-06-17,2026-06-16,true,30,annual,USD
428,CTR-00428,1088,412,expired,2023-05-23,2023-07-28,2024-07-27,true,30,annual,USD
429,CTR-00429,1089,412,active,2025-02-06,2025-03-05,2026-03-04,true,60,annual,USD
430,CTR-00430,1093,413,active,2025-01-12,2025-01-30,2027-01-29,true,90,annual,USD
431,CTR-00431,1094,414,active,2024-06-30,2024-08-25,2026-08-24,false,30,annual,USD
432,CTR-00432,1095,414,expired,2023-09-08,2023-09-22,2024-09-21,true,60,quarterly,USD
433,CTR-00433,1096,415,expired,2023-02-09,2023-04-10,2025-04-09,true,60,annual,USD
434,CTR-00434,1100,417,active,2024-10-02,2024-11-25,2026-11-24,true,60,annual,USD
435,CTR-00435,1104,418,active,2023-10-16,2023-12-08,2026-12-07,false,30,upfront,USD
436,CTR-00436,1105,418,expired,2023-08-16,2023-08-16,2024-08-15,true,60,annual,USD
437,CTR-00437,1107,419,active,2025-11-13,2026-01-11,2027-01-10,true,120,annual,USD
438,CTR-00438,1113,421,expired,2024-02-08,2024-02-27,2025-02-26,false,90,annual,USD
439,CTR-00439,1117,423,active,2024-02-08,2024-03-13,2028-03-12,true,120,annual,USD
440,CTR-00440,1121,423,active,2023-09-18,2023-11-15,2026-11-14,true,30,annual,USD
441,CTR-00441,1132,427,active,2025-07-25,2025-09-10,2030-09-09,true,120,annual,USD
442,CTR-00442,1134,427,active,2024-07-23,2024-09-02,2027-09-01,true,30,quarterly,USD
443,CTR-00443,1135,427,expired,2023-10-17,2023-11-07,2024-11-06,false,90,quarterly,USD
444,CTR-00444,1136,428,expired,2023-02-13,2023-02-10,2025-02-09,true,120,annual,USD
445,CTR-00445,1137,428,active,2023-10-06,2023-10-30,2027-10-29,true,120,annual,USD
446,CTR-00446,1141,429,active,2025-06-07,2025-07-08,2028-07-07,false,120,quarterly,USD
447,CTR-00447,1147,432,expired,2023-10-06,2023-11-12,2024-11-11,false,60,quarterly,USD
448,CTR-00448,1149,432,active,2024-04-24,2024-06-12,2026-06-11,true,90,monthly,USD
449,CTR-00449,1151,434,active,2025-12-31,2026-02-03,2027-02-02,true,120,annual,USD
450,CTR-00450,1152,434,active,2025-10-25,2025-12-04,2026-12-03,false,30,quarterly,USD
451,CTR-00451,1153,435,active,2025-05-01,2025-06-28,2028-06-27,true,60,annual,USD
452,CTR-00452,1154,435,expired,2023-12-24,2024-01-23,2025-01-22,true,120,annual,USD
453,CTR-00453,1156,436,active,2025-06-10,2025-06-26,2029-06-25,false,120,annual,USD
454,CTR-00454,1162,438,expired,2024-01-25,2024-03-22,2025-03-21,false,120,annual,USD
455,CTR-00455,1168,442,active,2025-05-28,2025-06-18,2027-06-17,true,120,annual,USD
456,CTR-00456,1170,442,active,2024-08-05,2024-09-18,2026-09-17,true,90,quarterly,USD
457,CTR-00457,1171,442,active,2023-07-03,2023-09-05,2026-09-04,true,90,annual,USD
458,CTR-00458,1177,445,expired,2023-06-24,2023-08-20,2024-08-19,true,120,annual,USD
459,CTR-00459,1185,448,active,2023-05-09,2023-05-18,2026-05-17,true,120,annual,USD
460,CTR-00460,1189,450,active,2025-03-16,2025-04-17,2027-04-16,true,120,annual,USD
461,CTR-00461,1192,451,expired,2023-03-08,2023-04-07,2025-04-06,false,90,annual,USD
462,CTR-00462,1194,452,expired,2024-01-05,2024-01-15,2025-01-14,true,90,annual,USD
463,CTR-00463,1198,453,active,2023-09-22,2023-12-03,2025-12-02,true,30,upfront,USD
464,CTR-00464,1201,454,active,2025-02-27,2025-03-27,2028-03-26,false,60,annual,USD
465,CTR-00465,1204,455,expired,2024-07-12,2024-07-19,2025-07-18,true,30,annual,USD
466,CTR-00466,1207,456,active,2025-02-10,2025-02-24,2026-02-23,false,90,quarterly,USD
467,CTR-00467,1208,457,active,2024-02-15,2024-04-05,2027-04-04,true,30,annual,USD
468,CTR-00468,1209,457,active,2025-07-01,2025-08-02,2027-08-01,false,120,monthly,USD
469,CTR-00469,1210,457,active,2024-11-06,2025-01-02,2027-01-01,false,90,annual,USD
470,CTR-00470,1211,457,active,2023-10-29,2023-11-23,2026-11-22,true,30,upfront,USD
471,CTR-00471,1213,458,expired,2023-05-31,2023-07-18,2024-07-17,true,30,annual,USD
472,CTR-00472,1214,458,active,2024-08-31,2024-10-14,2026-10-13,true,120,annual,USD
473,CTR-00473,1215,459,expired,2024-01-12,2024-01-23,2025-01-22,true,120,monthly,USD
474,CTR-00474,1216,459,expired,2023-12-21,2024-02-11,2025-02-10,false,60,quarterly,USD
475,CTR-00475,1217,459,expired,2023-03-17,2023-05-16,2024-05-15,true,90,quarterly,USD
476,CTR-00476,1220,460,expired,2023-08-15,2023-09-22,2024-09-21,true,60,annual,USD
477,CTR-00477,1222,461,expired,2024-05-21,2024-07-13,2025-07-12,false,30,annual,USD
478,CTR-00478,1223,462,expired,2023-06-18,2023-07-09,2024-07-08,true,60,annual,USD
479,CTR-00479,1225,463,active,2023-12-07,2024-01-22,2026-01-21,false,60,annual,USD
480,CTR-00480,1227,463,active,2024-05-23,2024-06-01,2026-05-31,true,60,annual,USD
481,CTR-00481,1232,465,active,2025-08-17,2025-09-08,2026-09-07,true,60,annual,USD
482,CTR-00482,1235,466,active,2024-12-31,2025-01-24,2026-01-23,true,60,annual,USD
483,CTR-00483,1238,467,active,2025-10-24,2025-12-01,2030-11-30,true,60,annual,USD
484,CTR-00484,1240,468,active,2025-11-21,2025-12-09,2026-12-08,true,90,annual,USD
485,CTR-00485,1241,468,expired,2023-06-08,2023-07-29,2025-07-28,true,30,annual,USD
486,CTR-00486,1242,468,active,2025-01-08,2025-01-19,2026-01-18,false,30,quarterly,USD
487,CTR-00487,1244,470,active,2025-04-28,2025-05-23,2026-05-22,true,60,quarterly,USD
488,CTR-00488,1245,470,expired,2023-01-14,2023-02-27,2025-02-26,false,60,annual,USD
489,CTR-00489,1247,470,active,2023-03-11,2023-04-20,2028-04-19,false,120,annual,USD
490,CTR-00490,1252,472,expired,2024-01-12,2024-03-15,2025-03-14,false,90,annual,USD
491,CTR-00491,1254,473,active,2023-05-01,2023-06-20,2027-06-19,true,120,annual,USD
492,CTR-00492,1256,474,active,2023-12-20,2024-01-24,2028-01-23,false,30,annual,USD
493,CTR-00493,1261,475,expired,2024-06-13,2024-07-28,2025-07-27,true,120,annual,USD
494,CTR-00494,1262,475,expired,2024-07-04,2024-07-06,2025-07-05,true,30,annual,USD
495,CTR-00495,1271,479,expired,2023-07-15,2023-08-04,2024-08-03,true,30,annual,USD
496,CTR-00496,1275,481,expired,2024-02-08,2024-03-28,2025-03-27,false,30,annual,USD
497,CTR-00497,1276,481,expired,2023-01-29,2023-02-09,2025-02-08,true,90,quarterly,USD
498,CTR-00498,1287,487,expired,2023-12-31,2024-02-25,2025-02-24,true,60,annual,USD
499,CTR-00499,1288,487,expired,2024-07-07,2024-08-30,2025-08-29,false,90,upfront,USD
500,CTR-00500,1291,488,active,2024-07-10,2024-09-14,2026-09-13,false,90,annual,USD
501,CTR-00501,1297,490,active,2025-03-26,2025-04-12,2029-04-11,true,60,annual,USD
502,CTR-00502,1298,490,active,2024-05-20,2024-05-30,2028-05-29,false,120,annual,USD
503,CTR-00503,1300,490,active,2024-10-31,2024-12-31,2026-12-30,true,60,monthly,USD
504,CTR-00504,1301,491,expired,2024-08-10,2024-09-23,2025-09-22,true,90,annual,USD
505,CTR-00505,1304,492,expired,2023-04-12,2023-04-26,2024-04-25,true,60,annual,USD
506,CTR-00506,1305,492,expired,2023-09-14,2023-10-19,2024-10-18,false,90,upfront,USD
507,CTR-00507,1306,493,active,2025-10-30,2025-12-24,2027-12-23,false,120,annual,USD
508,CTR-00508,1313,495,expired,2024-08-26,2024-09-23,2025-09-22,true,30,annual,USD
509,CTR-00509,1314,495,expired,2024-08-04,2024-09-15,2025-09-14,false,30,annual,USD
510,CTR-00510,1318,498,active,2025-11-16,2025-12-05,2029-12-04,false,30,annual,USD
511,CTR-00511,1319,498,expired,2024-08-26,2024-09-17,2025-09-16,true,30,annual,USD
512,CTR-00512,1322,499,expired,2023-04-14,2023-05-04,2024-05-03,false,30,upfront,USD
513,CTR-00513,1326,500,active,2025-11-16,2025-12-29,2026-12-28,true,30,annual,USD
514,CTR-00514,1328,501,active,2025-01-22,2025-03-23,2028-03-22,true,30,annual,USD
515,CTR-00515,1329,501,active,2025-04-05,2025-06-08,2029-06-07,false,30,annual,USD
516,CTR-00516,1331,502,active,2024-06-11,2024-07-23,2027-07-22,false,120,annual,USD
517,CTR-00517,1332,502,expired,2023-05-15,2023-07-05,2024-07-04,false,60,annual,USD
518,CTR-00518,1335,503,active,2024-04-23,2024-06-26,2029-06-25,true,60,quarterly,USD
519,CTR-00519,1336,503,active,2025-06-03,2025-07-20,2028-07-19,true,120,upfront,USD
520,CTR-00520,1341,505,expired,2024-09-27,2024-10-09,2025-10-08,false,60,quarterly,USD
521,CTR-00521,1343,505,active,2025-04-04,2025-04-28,2028-04-27,true,60,monthly,USD
522,CTR-00522,1353,509,active,2023-07-11,2023-09-07,2026-09-06,false,90,annual,USD
523,CTR-00523,1354,509,expired,2023-05-09,2023-05-31,2024-05-30,false,30,annual,USD
524,CTR-00524,1364,514,expired,2023-05-03,2023-06-17,2024-06-16,true,30,annual,USD
525,CTR-00525,1366,514,active,2023-03-22,2023-05-11,2026-05-10,true,120,annual,USD
526,CTR-00526,1367,514,active,2024-11-18,2025-01-09,2027-01-08,true,30,annual,USD
527,CTR-00527,1368,515,expired,2023-11-18,2024-01-23,2025-01-22,true,60,annual,USD
528,CTR-00528,1369,515,active,2025-12-27,2026-01-20,2028-01-19,false,120,annual,USD
529,CTR-00529,1372,517,active,2024-11-01,2024-11-25,2027-11-24,true,90,quarterly,USD
530,CTR-00530,1373,517,active,2025-03-09,2025-03-30,2026-03-29,true,30,annual,USD
531,CTR-00531,1378,519,active,2025-02-14,2025-03-21,2026-03-20,true,60,annual,USD
532,CTR-00532,1383,521,expired,2023-05-18,2023-06-21,2025-06-20,true,60,annual,USD
533,CTR-00533,1384,522,expired,2024-06-08,2024-07-27,2025-07-26,false,30,annual,USD
534,CTR-00534,1386,522,active,2024-03-16,2024-03-28,2027-03-27,true,90,monthly,USD
535,CTR-00535,1387,523,active,2025-12-02,2025-12-11,2028-12-10,true,60,annual,USD
536,CTR-00536,1388,523,active,2024-08-15,2024-10-09,2026-10-08,true,60,annual,USD
537,CTR-00537,1389,523,active,2024-08-31,2024-09-19,2027-09-18,false,90,annual,USD
538,CTR-00538,1395,526,active,2025-11-08,2026-01-10,2027-01-09,false,120,annual,USD
539,CTR-00539,1396,526,expired,2023-10-03,2023-11-08,2024-11-07,true,90,quarterly,USD
540,CTR-00540,1397,526,active,2025-08-30,2025-09-21,2027-09-20,true,30,quarterly,USD
541,CTR-00541,1402,528,active,2024-09-17,2024-10-20,2026-10-19,true,60,annual,USD
542,CTR-00542,1403,529,active,2025-07-18,2025-07-18,2029-07-17,false,60,annual,USD
543,CTR-00543,1404,529,expired,2024-08-26,2024-09-29,2025-09-28,true,90,annual,USD
544,CTR-00544,1405,529,active,2024-12-08,2025-01-09,2026-01-08,false,120,upfront,USD
545,CTR-00545,1409,531,expired,2023-04-19,2023-05-29,2024-05-28,true,120,upfront,USD
546,CTR-00546,1410,531,active,2024-05-16,2024-06-02,2029-06-01,true,60,quarterly,USD
547,CTR-00547,1412,531,active,2025-05-20,2025-06-12,2027-06-11,false,120,annual,USD
548,CTR-00548,1413,532,active,2025-01-22,2025-02-16,2026-02-15,true,120,annual,USD
549,CTR-00549,1416,533,active,2023-11-30,2024-01-30,2026-01-29,true,30,upfront,USD
550,CTR-00550,1417,533,active,2025-08-21,2025-09-29,2028-09-28,false,60,annual,USD
551,CTR-00551,1425,537,expired,2023-06-23,2023-07-31,2024-07-30,true,90,quarterly,USD
552,CTR-00552,1429,538,expired,2024-04-02,2024-04-22,2025-04-21,true,90,quarterly,USD
553,CTR-00553,1430,538,active,2024-12-08,2025-01-14,2028-01-13,true,60,annual,USD
554,CTR-00554,1431,539,expired,2024-03-29,2024-05-11,2025-05-10,false,30,annual,USD
555,CTR-00555,1432,539,active,2024-08-10,2024-10-10,2026-10-09,true,60,annual,USD
556,CTR-00556,1435,540,active,2025-03-02,2025-03-15,2027-03-14,true,60,annual,USD
557,CTR-00557,1437,541,expired,2024-08-23,2024-10-20,2025-10-19,false,30,annual,USD
558,CTR-00558,1441,543,expired,2023-04-25,2023-05-05,2025-05-04,false,90,annual,USD
559,CTR-00559,1445,545,expired,2024-03-01,2024-03-27,2025-03-26,true,60,annual,USD
560,CTR-00560,1449,546,active,2025-04-11,2025-06-15,2028-06-14,false,60,annual,USD
561,CTR-00561,1452,548,active,2025-10-03,2025-11-22,2026-11-21,false,30,annual,USD
562,CTR-00562,1460,552,active,2023-08-29,2023-09-05,2026-09-04,true,90,annual,USD
563,CTR-00563,1461,552,active,2024-12-07,2025-01-11,2028-01-10,true,120,annual,USD
564,CTR-00564,1462,552,expired,2023-10-09,2023-10-17,2025-10-16,true,120,annual,USD
565,CTR-00565,1464,553,active,2025-04-29,2025-05-20,2027-05-19,false,30,upfront,USD
566,CTR-00566,1465,553,expired,2023-11-29,2024-01-14,2025-01-13,false,90,annual,USD
567,CTR-00567,1466,553,active,2025-02-24,2025-03-21,2026-03-20,true,30,quarterly,USD
568,CTR-00568,1471,555,expired,2024-01-11,2024-03-08,2025-03-07,true,120,annual,USD
569,CTR-00569,1477,558,active,2025-04-27,2025-05-28,2026-05-27,false,60,annual,USD
570,CTR-00570,1479,558,expired,2023-03-17,2023-05-07,2025-05-06,false,120,annual,USD
571,CTR-00571,1480,559,active,2025-03-06,2025-05-13,2028-05-12,false,60,monthly,USD
572,CTR-00572,1481,559,active,2025-05-09,2025-06-06,2027-06-05,true,30,quarterly,USD
573,CTR-00573,1484,561,active,2025-12-13,2026-02-09,2029-02-08,true,60,upfront,USD
574,CTR-00574,1485,561,active,2025-02-16,2025-03-24,2028-03-23,true,60,quarterly,USD
575,CTR-00575,1486,561,active,2025-06-25,2025-08-11,2027-08-10,false,60,monthly,USD
576,CTR-00576,1488,562,active,2025-09-28,2025-10-19,2028-10-18,false,30,annual,USD
577,CTR-00577,1491,563,active,2024-02-13,2024-04-10,2026-04-09,false,120,upfront,USD
578,CTR-00578,1496,564,expired,2023-10-05,2023-11-17,2025-11-16,true,30,annual,USD
579,CTR-00579,1497,564,expired,2023-07-02,2023-08-18,2024-08-17,true,120,quarterly,USD
580,CTR-00580,1499,565,active,2025-12-12,2025-12-28,2029-12-27,true,90,upfront,USD
581,CTR-00581,1501,565,active,2025-11-25,2026-01-23,2028-01-22,false,90,quarterly,USD
582,CTR-00582,1502,565,active,2025-06-10,2025-07-06,2028-07-05,false,30,annual,USD
583,CTR-00583,1503,565,active,2025-09-19,2025-10-03,2028-10-02,true,90,quarterly,USD
584,CTR-00584,1505,566,expired,2023-08-23,2023-10-24,2024-10-23,true,30,annual,USD
585,CTR-00585,1506,567,active,2025-12-28,2026-02-10,2027-02-09,true,120,annual,USD
586,CTR-00586,1510,569,expired,2023-08-29,2023-10-15,2025-10-14,false,90,annual,USD
587,CTR-00587,1514,571,expired,2023-02-07,2023-04-12,2024-04-11,false,90,annual,USD
588,CTR-00588,1515,571,active,2024-09-28,2024-10-09,2026-10-08,true,30,upfront,USD
589,CTR-00589,1516,571,expired,2024-05-14,2024-06-19,2025-06-18,true,120,annual,USD
590,CTR-00590,1517,572,active,2024-06-10,2024-06-25,2026-06-24,true,60,annual,USD
591,CTR-00591,1520,572,active,2024-05-11,2024-06-03,2026-06-02,false,60,quarterly,USD
592,CTR-00592,1525,574,expired,2023-06-29,2023-08-15,2025-08-14,false,30,annual,USD
593,CTR-00593,1528,575,expired,2023-08-07,2023-09-20,2025-09-19,true,120,annual,USD
594,CTR-00594,1529,575,active,2025-11-14,2025-12-08,2027-12-07,true,30,upfront,USD
595,CTR-00595,1530,575,active,2025-04-07,2025-05-15,2028-05-14,true,30,quarterly,USD
596,CTR-00596,1532,576,active,2025-04-14,2025-04-23,2027-04-22,true,60,annual,USD
597,CTR-00597,1534,576,active,2023-09-30,2023-11-07,2027-11-06,false,120,annual,USD
598,CTR-00598,1535,577,active,2024-12-15,2024-12-24,2025-12-23,false,90,upfront,USD
599,CTR-00599,1537,578,active,2024-02-27,2024-04-24,2026-04-23,true,60,annual,USD
600,CTR-00600,1538,578,active,2025-07-15,2025-08-06,2026-08-05,false,60,annual,USD
601,CTR-00601,1543,580,active,2025-12-12,2026-02-15,2031-02-14,true,120,monthly,USD
602,CTR-00602,1544,580,active,2024-12-20,2024-12-29,2029-12-28,true,60,annual,USD
603,CTR-00603,1547,581,active,2023-06-26,2023-07-08,2027-07-07,true,120,quarterly,USD
604,CTR-00604,1549,582,expired,2024-06-30,2024-07-16,2025-07-15,true,120,annual,USD
605,CTR-00605,1550,582,expired,2023-11-20,2023-12-06,2024-12-05,true,90,annual,USD
606,CTR-00606,1551,583,expired,2023-09-09,2023-10-19,2024-10-18,false,90,upfront,USD
607,CTR-00607,1554,586,active,2023-07-23,2023-09-19,2026-09-18,false,90,annual,USD
608,CTR-00608,1555,586,active,2025-05-19,2025-05-18,2026-05-17,false,90,annual,USD
609,CTR-00609,1556,586,active,2025-01-31,2025-02-14,2029-02-13,false,60,annual,USD
610,CTR-00610,1564,589,active,2025-01-18,2025-02-04,2028-02-03,true,90,annual,USD
611,CTR-00611,1565,589,active,2025-07-14,2025-07-30,2026-07-29,true,120,annual,USD
612,CTR-00612,1566,589,expired,2023-01-31,2023-03-13,2024-03-12,true,90,annual,USD
613,CTR-00613,1570,591,active,2025-05-28,2025-06-13,2028-06-12,true,30,monthly,USD
614,CTR-00614,1571,591,active,2025-09-12,2025-11-19,2027-11-18,true,60,quarterly,USD
615,CTR-00615,1574,592,expired,2023-02-14,2023-02-25,2024-02-24,false,120,annual,USD
616,CTR-00616,1576,593,expired,2023-07-26,2023-09-14,2025-09-13,true,120,annual,USD
617,CTR-00617,1579,595,active,2025-02-16,2025-04-10,2026-04-09,false,30,annual,USD
618,CTR-00618,1585,598,expired,2023-02-27,2023-03-28,2025-03-27,true,60,annual,USD
619,CTR-00619,1587,599,active,2024-03-01,2024-04-21,2027-04-20,false,120,annual,USD
620,CTR-00620,1588,599,active,2025-10-03,2025-10-03,2028-10-02,false,60,annual,USD
621,CTR-00621,1590,600,expired,2024-07-20,2024-08-03,2025-08-02,true,60,annual,USD
622,CTR-00622,1592,601,expired,2024-02-03,2024-02-29,2025-02-27,false,90,annual,USD
623,CTR-00623,1594,601,expired,2023-04-30,2023-06-02,2025-06-01,true,30,monthly,USD
624,CTR-00624,1596,602,active,2024-03-18,2024-04-06,2026-04-05,true,30,annual,USD
625,CTR-00625,1598,602,active,2025-01-11,2025-02-24,2027-02-23,true,120,annual,USD
626,CTR-00626,1600,603,active,2024-06-04,2024-07-05,2027-07-04,true,60,annual,USD
627,CTR-00627,1602,604,expired,2023-02-09,2023-03-30,2024-03-29,true,60,annual,USD
628,CTR-00628,1603,604,active,2025-09-04,2025-11-03,2026-11-02,true,120,annual,USD
629,CTR-00629,1605,604,active,2025-06-22,2025-08-15,2026-08-14,false,60,annual,USD
630,CTR-00630,1606,605,active,2024-02-10,2024-03-27,2028-03-26,false,120,annual,USD
631,CTR-00631,1613,607,active,2023-05-07,2023-06-13,2027-06-12,true,120,annual,USD
632,CTR-00632,1617,609,active,2025-10-01,2025-11-06,2027-11-05,false,90,quarterly,USD
633,CTR-00633,1620,610,active,2023-01-08,2023-02-09,2026-02-08,true,120,annual,USD
634,CTR-00634,1622,610,active,2023-11-13,2024-01-08,2026-01-07,false,90,annual,USD
635,CTR-00635,1623,610,active,2025-09-11,2025-10-28,2028-10-27,true,120,annual,USD
636,CTR-00636,1626,611,expired,2023-05-08,2023-06-22,2025-06-21,true,90,annual,USD
637,CTR-00637,1628,611,expired,2024-07-01,2024-08-23,2025-08-22,false,30,annual,USD
638,CTR-00638,1630,612,active,2024-11-17,2024-12-25,2027-12-24,false,30,annual,USD
639,CTR-00639,1632,612,active,2024-09-09,2024-10-24,2029-10-23,false,30,annual,USD
640,CTR-00640,1635,613,expired,2023-12-23,2024-01-07,2025-01-06,true,60,annual,USD
641,CTR-00641,1639,615,active,2023-05-17,2023-06-22,2026-06-21,true,30,annual,USD
642,CTR-00642,1645,617,expired,2023-09-18,2023-09-25,2024-09-24,true,90,annual,USD
643,CTR-00643,1648,617,active,2023-07-02,2023-08-13,2026-08-12,true,120,upfront,USD
644,CTR-00644,1650,619,active,2025-06-09,2025-07-12,2028-07-11,true,120,annual,USD
645,CTR-00645,1653,619,active,2025-03-17,2025-05-02,2028-05-01,false,90,annual,USD
646,CTR-00646,1663,623,expired,2024-01-14,2024-02-19,2025-02-18,true,90,upfront,USD
647,CTR-00647,1667,625,active,2024-09-26,2024-11-22,2028-11-21,false,30,annual,USD
648,CTR-00648,1668,625,active,2025-11-13,2025-12-23,2027-12-22,false,60,quarterly,USD
649,CTR-00649,1669,625,active,2023-09-11,2023-09-23,2027-09-22,true,60,quarterly,USD
650,CTR-00650,1670,626,active,2025-08-06,2025-09-12,2027-09-11,false,120,monthly,USD
651,CTR-00651,1671,626,active,2024-07-30,2024-08-18,2026-08-17,false,120,annual,USD
652,CTR-00652,1676,629,expired,2023-08-17,2023-10-20,2024-10-19,true,60,annual,USD
653,CTR-00653,1677,629,active,2024-11-10,2024-12-25,2025-12-24,true,90,quarterly,USD
654,CTR-00654,1678,629,expired,2024-03-26,2024-05-28,2025-05-27,true,120,annual,USD
655,CTR-00655,1679,630,expired,2023-04-17,2023-05-17,2024-05-16,false,90,monthly,USD
656,CTR-00656,1681,630,expired,2023-09-21,2023-10-08,2025-10-07,true,60,quarterly,USD
657,CTR-00657,1687,632,active,2024-04-11,2024-04-24,2026-04-23,false,90,annual,USD
658,CTR-00658,1688,632,expired,2024-09-08,2024-11-06,2025-11-05,true,60,quarterly,USD
659,CTR-00659,1690,633,active,2023-04-18,2023-05-13,2028-05-12,true,60,annual,USD
660,CTR-00660,1691,633,active,2025-02-16,2025-04-14,2028-04-13,true,30,annual,USD
661,CTR-00661,1692,633,active,2025-11-17,2026-01-16,2027-01-15,false,30,annual,USD
662,CTR-00662,1695,634,active,2023-06-10,2023-07-10,2028-07-09,false,60,upfront,USD
663,CTR-00663,1703,637,active,2025-10-30,2025-11-21,2028-11-20,true,60,annual,USD
664,CTR-00664,1704,638,expired,2024-09-15,2024-10-12,2025-10-11,true,120,annual,USD
665,CTR-00665,1705,638,active,2024-11-19,2024-12-28,2026-12-27,true,90,annual,USD
666,CTR-00666,1706,638,expired,2023-06-01,2023-07-01,2024-06-30,true,60,annual,USD
667,CTR-00667,1708,639,active,2024-01-15,2024-01-27,2027-01-26,false,120,annual,USD
668,CTR-00668,1709,639,active,2024-04-24,2024-05-14,2026-05-13,true,90,annual,USD
669,CTR-00669,1712,640,expired,2024-01-24,2024-02-11,2025-02-10,true,30,annual,USD
670,CTR-00670,1713,640,expired,2024-05-09,2024-07-01,2025-06-30,false,60,annual,USD
671,CTR-00671,1714,641,active,2024-11-17,2025-01-01,2025-12-31,true,60,annual,USD
672,CTR-00672,1724,645,expired,2024-04-15,2024-04-28,2025-04-27,false,30,upfront,USD
673,CTR-00673,1725,645,active,2025-11-28,2026-01-16,2027-01-15,true,90,annual,USD
674,CTR-00674,1726,646,active,2025-12-04,2026-01-09,2028-01-08,true,60,annual,USD
675,CTR-00675,1732,648,active,2025-05-22,2025-05-30,2027-05-29,true,60,annual,USD
676,CTR-00676,1733,648,active,2023-06-21,2023-08-16,2026-08-15,true,90,annual,USD
677,CTR-00677,1735,649,active,2025-11-25,2025-12-14,2026-12-13,false,90,annual,USD
678,CTR-00678,1736,650,active,2024-09-29,2024-10-02,2029-10-01,true,90,annual,USD
679,CTR-00679,1738,650,active,2024-09-09,2024-10-12,2026-10-11,true,120,annual,USD
680,CTR-00680,1740,650,expired,2023-07-24,2023-08-07,2025-08-06,true,60,annual,USD
681,CTR-00681,1741,651,active,2024-06-10,2024-08-01,2028-07-31,true,60,annual,USD
682,CTR-00682,1744,652,active,2025-02-04,2025-04-09,2026-04-08,false,90,monthly,USD
683,CTR-00683,1746,653,active,2024-12-02,2024-12-06,2025-12-05,true,90,quarterly,USD
684,CTR-00684,1749,654,active,2024-04-05,2024-06-13,2026-06-12,false,60,annual,USD
685,CTR-00685,1750,654,expired,2023-11-14,2024-01-21,2025-01-20,false,30,annual,USD
686,CTR-00686,1752,656,expired,2024-03-18,2024-05-22,2025-05-21,true,90,quarterly,USD
687,CTR-00687,1753,657,active,2024-03-29,2024-05-13,2026-05-12,true,90,annual,USD
688,CTR-00688,1761,659,active,2024-09-29,2024-11-25,2026-11-24,false,60,annual,USD
689,CTR-00689,1765,660,active,2025-05-22,2025-07-19,2030-07-18,true,30,annual,USD
690,CTR-00690,1771,662,active,2024-12-07,2024-12-28,2025-12-27,true,120,annual,USD
691,CTR-00691,1773,662,active,2023-09-24,2023-10-15,2026-10-14,false,60,quarterly,USD
692,CTR-00692,1778,664,expired,2023-12-07,2024-02-08,2025-02-07,false,90,quarterly,USD
693,CTR-00693,1779,665,active,2025-10-27,2025-11-09,2026-11-08,true,90,quarterly,USD
694,CTR-00694,1780,665,active,2025-04-15,2025-05-27,2026-05-26,true,90,upfront,USD
695,CTR-00695,1783,666,active,2024-10-30,2024-12-11,2026-12-10,true,120,annual,USD
696,CTR-00696,1787,667,expired,2023-04-08,2023-06-05,2025-06-04,true,60,annual,USD
697,CTR-00697,1788,667,active,2023-04-27,2023-05-17,2026-05-16,false,60,annual,USD
698,CTR-00698,1789,668,active,2025-02-05,2025-02-19,2027-02-18,true,120,quarterly,USD
699,CTR-00699,1792,668,active,2023-09-08,2023-11-04,2026-11-03,false,90,annual,USD
700,CTR-00700,1794,669,active,2023-11-20,2024-01-14,2027-01-13,true,90,annual,USD
701,CTR-00701,1795,670,active,2024-10-09,2024-12-12,2026-12-11,false,30,annual,USD
702,CTR-00702,1797,670,expired,2023-05-21,2023-05-18,2025-05-17,true,60,annual,USD
703,CTR-00703,1800,671,active,2025-03-02,2025-04-02,2027-04-01,false,120,annual,USD
704,CTR-00704,1801,671,active,2024-07-11,2024-07-27,2027-07-26,false,90,upfront,USD
705,CTR-00705,1802,671,active,2023-12-31,2024-02-05,2027-02-04,true,90,monthly,USD
706,CTR-00706,1811,674,expired,2024-02-15,2024-03-06,2025-03-05,false,60,annual,USD
707,CTR-00707,1813,674,active,2024-08-23,2024-10-02,2026-10-01,true,60,monthly,USD
708,CTR-00708,1817,676,active,2025-08-31,2025-09-12,2026-09-11,true,120,annual,USD
709,CTR-00709,1818,676,active,2025-06-07,2025-07-26,2028-07-25,false,120,annual,USD
710,CTR-00710,1822,678,active,2025-10-02,2025-10-15,2028-10-14,true,30,annual,USD
711,CTR-00711,1825,679,active,2024-11-23,2025-01-22,2027-01-21,false,60,annual,USD
712,CTR-00712,1827,679,active,2024-05-24,2024-07-03,2026-07-02,true,90,annual,USD
713,CTR-00713,1828,679,active,2025-03-20,2025-04-19,2026-04-18,true,60,quarterly,USD
714,CTR-00714,1833,681,expired,2023-09-01,2023-09-14,2024-09-13,false,120,annual,USD
715,CTR-00715,1834,682,active,2025-09-03,2025-09-30,2027-09-29,false,90,annual,USD
716,CTR-00716,1835,682,expired,2023-05-23,2023-06-30,2025-06-29,false,60,annual,USD
717,CTR-00717,1836,682,active,2024-08-07,2024-08-15,2028-08-14,false,30,annual,USD
718,CTR-00718,1839,683,active,2024-07-29,2024-07-30,2028-07-29,true,90,annual,USD
719,CTR-00719,1842,684,active,2023-09-07,2023-10-26,2027-10-25,true,120,annual,USD
720,CTR-00720,1843,684,expired,2023-02-28,2023-05-09,2025-05-08,true,60,annual,USD
721,CTR-00721,1844,684,expired,2023-05-04,2023-05-07,2025-05-06,false,90,annual,USD
722,CTR-00722,1848,686,active,2025-10-13,2025-11-29,2027-11-28,true,120,annual,USD
723,CTR-00723,1851,687,active,2024-09-16,2024-11-03,2028-11-02,true,120,annual,USD
724,CTR-00724,1855,689,active,2024-11-02,2024-12-22,2026-12-21,true,60,annual,USD
725,CTR-00725,1860,691,expired,2023-10-26,2023-12-17,2024-12-16,true,60,annual,USD
726,CTR-00726,1861,692,active,2025-07-30,2025-08-17,2028-08-16,false,30,annual,USD
727,CTR-00727,1864,693,active,2025-09-01,2025-09-04,2026-09-03,false,120,annual,USD
728,CTR-00728,1868,695,active,2024-04-29,2024-06-30,2027-06-29,true,60,quarterly,USD
729,CTR-00729,1869,695,active,2025-07-09,2025-07-22,2027-07-21,false,120,annual,USD
730,CTR-00730,1871,695,expired,2024-02-21,2024-03-30,2025-03-29,true,120,annual,USD
731,CTR-00731,1876,697,active,2024-07-08,2024-08-03,2027-08-02,true,30,annual,USD
732,CTR-00732,1878,698,active,2024-08-27,2024-09-06,2027-09-05,false,120,quarterly,USD
733,CTR-00733,1885,701,active,2024-10-06,2024-12-12,2028-12-11,false,90,annual,USD
734,CTR-00734,1892,704,active,2025-12-18,2026-02-25,2027-02-24,true,60,quarterly,USD
735,CTR-00735,1893,704,active,2023-07-17,2023-09-16,2026-09-15,false,90,annual,USD
736,CTR-00736,1894,704,active,2025-12-31,2026-01-27,2027-01-26,true,30,annual,USD
737,CTR-00737,1896,705,active,2023-05-25,2023-07-11,2028-07-10,true,120,annual,USD
738,CTR-00738,1898,705,active,2023-07-27,2023-09-25,2027-09-24,true,30,annual,USD
739,CTR-00739,1899,705,active,2023-08-28,2023-10-04,2026-10-03,true,30,annual,USD
740,CTR-00740,1903,706,active,2024-02-12,2024-04-01,2029-03-31,true,90,annual,USD
741,CTR-00741,1904,707,active,2025-09-22,2025-10-26,2027-10-25,true,30,annual,USD
742,CTR-00742,1905,707,active,2024-10-31,2024-12-01,2027-11-30,false,60,monthly,USD
743,CTR-00743,1907,707,active,2024-06-29,2024-08-12,2028-08-11,false,120,annual,USD
744,CTR-00744,1909,708,active,2024-07-28,2024-08-27,2026-08-26,true,120,annual,USD
745,CTR-00745,1910,708,active,2025-01-18,2025-02-05,2027-02-04,true,30,annual,USD
746,CTR-00746,1912,708,active,2024-08-01,2024-08-31,2027-08-30,false,60,annual,USD
747,CTR-00747,1915,710,active,2025-02-22,2025-04-04,2027-04-03,true,60,annual,USD
748,CTR-00748,1916,710,active,2025-01-07,2025-02-02,2026-02-01,false,90,annual,USD
749,CTR-00749,1920,711,active,2025-01-16,2025-02-28,2026-02-27,true,30,monthly,USD
750,CTR-00750,1921,712,expired,2023-08-18,2023-08-30,2025-08-29,true,90,annual,USD
751,CTR-00751,1940,720,expired,2023-07-23,2023-09-18,2025-09-17,false,90,annual,USD
752,CTR-00752,1941,721,active,2025-03-25,2025-04-25,2026-04-24,false,90,quarterly,USD
753,CTR-00753,1944,722,active,2024-09-20,2024-11-04,2027-11-03,false,60,upfront,USD
754,CTR-00754,1947,723,active,2024-12-23,2025-01-19,2030-01-18,false,60,quarterly,USD
755,CTR-00755,1948,723,expired,2023-12-20,2024-02-12,2025-02-11,false,30,annual,USD
756,CTR-00756,1949,723,active,2025-11-05,2025-12-16,2026-12-15,true,120,annual,USD
757,CTR-00757,1951,725,active,2025-09-04,2025-09-17,2027-09-16,false,30,annual,USD
758,CTR-00758,1954,726,expired,2024-09-12,2024-09-16,2025-09-15,false,60,quarterly,USD
759,CTR-00759,1955,727,active,2025-04-21,2025-06-27,2026-06-26,true,90,annual,USD
760,CTR-00760,1960,730,expired,2023-11-04,2024-01-02,2025-01-01,true,90,annual,USD
761,CTR-00761,1961,730,active,2025-11-30,2025-12-21,2028-12-20,true,90,annual,USD
762,CTR-00762,1968,733,active,2025-02-04,2025-03-08,2029-03-07,true,90,annual,USD
763,CTR-00763,1969,734,active,2025-09-11,2025-10-02,2026-10-01,false,60,annual,USD
764,CTR-00764,1971,735,expired,2023-01-15,2023-02-21,2024-02-20,true,120,annual,USD
765,CTR-00765,1972,735,active,2025-12-13,2026-01-14,2028-01-13,true,120,annual,USD
766,CTR-00766,1973,735,expired,2024-02-18,2024-02-29,2025-02-27,false,30,monthly,USD
767,CTR-00767,1979,738,active,2024-09-10,2024-11-03,2026-11-02,false,120,annual,USD
768,CTR-00768,1983,739,active,2025-08-16,2025-09-27,2027-09-26,true,120,annual,USD
769,CTR-00769,1984,739,active,2025-10-20,2025-12-12,2027-12-11,true,120,annual,USD
770,CTR-00770,1985,739,expired,2023-05-15,2023-06-09,2025-06-08,true,60,quarterly,USD
771,CTR-00771,1986,740,expired,2024-02-23,2024-04-07,2025-04-06,false,120,upfront,USD
772,CTR-00772,1988,740,active,2025-02-15,2025-04-06,2027-04-05,false,30,annual,USD
773,CTR-00773,1990,741,active,2024-09-21,2024-11-25,2027-11-24,false,120,quarterly,USD
774,CTR-00774,1991,741,active,2023-10-25,2023-11-16,2026-11-15,true,120,upfront,USD
775,CTR-00775,1992,741,active,2025-01-15,2025-02-16,2028-02-15,true,60,annual,USD
776,CTR-00776,1995,742,active,2024-04-12,2024-05-24,2026-05-23,false,60,quarterly,USD
777,CTR-00777,1996,742,expired,2023-03-20,2023-04-07,2024-04-06,true,60,annual,USD
778,CTR-00778,1998,743,active,2025-12-08,2025-12-17,2026-12-16,false,30,annual,USD
779,CTR-00779,2000,743,active,2024-06-04,2024-06-20,2027-06-19,true,90,upfront,USD
780,CTR-00780,2002,744,active,2024-02-22,2024-03-27,2027-03-26,false,60,quarterly,USD
781,CTR-00781,2003,745,expired,2023-06-08,2023-06-28,2024-06-27,true,30,monthly,USD
782,CTR-00782,2004,745,active,2023-09-17,2023-10-04,2026-10-03,true,90,annual,USD
783,CTR-00783,2007,746,active,2023-06-14,2023-08-06,2026-08-05,false,30,annual,USD
784,CTR-00784,2009,746,active,2025-04-12,2025-05-25,2029-05-24,false,90,annual,USD
785,CTR-00785,2010,747,active,2025-08-17,2025-09-05,2026-09-04,true,90,annual,USD
786,CTR-00786,2011,747,active,2025-07-21,2025-08-10,2027-08-09,false,120,quarterly,USD
787,CTR-00787,2015,749,active,2025-03-03,2025-04-24,2026-04-23,false,60,annual,USD
788,CTR-00788,2019,750,active,2025-01-04,2025-02-25,2027-02-24,false,90,annual,USD
789,CTR-00789,2020,751,expired,2023-04-13,2023-05-21,2024-05-20,false,90,annual,USD
790,CTR-00790,2021,752,expired,2023-02-09,2023-02-25,2025-02-24,false,30,annual,USD
791,CTR-00791,2024,753,active,2025-02-01,2025-02-21,2026-02-20,false,30,annual,USD
792,CTR-00792,2025,753,active,2025-08-17,2025-09-08,2027-09-07,true,90,annual,USD
793,CTR-00793,2028,755,expired,2023-01-13,2023-01-28,2024-01-27,true,60,annual,USD
794,CTR-00794,2029,755,expired,2023-08-10,2023-10-08,2024-10-07,true,120,annual,USD
795,CTR-00795,2030,756,expired,2023-05-02,2023-06-09,2024-06-08,true,90,annual,USD
796,CTR-00796,2034,758,expired,2024-05-13,2024-05-25,2025-05-24,true,120,annual,USD
797,CTR-00797,2035,758,expired,2024-09-20,2024-10-24,2025-10-23,true,120,annual,USD
798,CTR-00798,2038,759,active,2024-04-01,2024-04-03,2027-04-02,true,120,monthly,USD
799,CTR-00799,2039,759,expired,2023-11-26,2023-12-08,2024-12-07,true,120,quarterly,USD
800,CTR-00800,2042,760,active,2023-10-21,2023-11-17,2026-11-16,true,60,annual,USD
801,CTR-00801,2043,760,active,2024-06-08,2024-06-26,2026-06-25,false,120,monthly,USD
802,CTR-00802,2044,760,active,2024-06-29,2024-07-14,2026-07-13,false,60,upfront,USD
803,CTR-00803,2046,761,expired,2023-03-15,2023-03-26,2024-03-25,true,90,upfront,USD
804,CTR-00804,2049,762,active,2025-02-24,2025-04-13,2029-04-12,true,90,annual,USD
805,CTR-00805,2050,762,active,2025-04-19,2025-05-07,2027-05-06,false,30,annual,USD
806,CTR-00806,2051,762,active,2023-01-21,2023-01-26,2027-01-25,false,90,annual,USD
807,CTR-00807,2053,763,active,2023-05-28,2023-07-14,2026-07-13,true,30,annual,USD
808,CTR-00808,2057,766,active,2025-02-14,2025-03-28,2026-03-27,true,90,annual,USD
809,CTR-00809,2060,767,expired,2024-08-04,2024-08-20,2025-08-19,true,30,annual,USD
810,CTR-00810,2061,767,expired,2024-04-29,2024-06-13,2025-06-12,false,60,annual,USD
811,CTR-00811,2064,768,expired,2023-02-05,2023-03-10,2025-03-09,true,90,annual,USD
812,CTR-00812,2066,769,expired,2023-01-21,2023-02-15,2025-02-14,false,30,monthly,USD
813,CTR-00813,2070,771,active,2024-04-28,2024-06-11,2026-06-10,true,60,quarterly,USD
814,CTR-00814,2075,774,active,2023-12-08,2024-01-04,2026-01-03,false,120,annual,USD
815,CTR-00815,2077,774,active,2025-04-26,2025-05-24,2027-05-23,true,30,annual,USD
816,CTR-00816,2078,775,expired,2024-08-06,2024-08-28,2025-08-27,true,120,annual,USD
817,CTR-00817,2079,775,active,2024-03-04,2024-04-01,2027-03-31,true,120,annual,USD
818,CTR-00818,2082,776,active,2025-06-29,2025-08-28,2028-08-27,true,60,annual,USD
819,CTR-00819,2089,779,active,2024-12-04,2025-01-12,2026-01-11,false,90,annual,USD
820,CTR-00820,2090,780,active,2025-06-15,2025-08-20,2026-08-19,false,60,monthly,USD
821,CTR-00821,2091,780,active,2024-05-15,2024-07-06,2027-07-05,true,90,upfront,USD
822,CTR-00822,2093,781,active,2024-12-09,2025-01-07,2029-01-06,true,30,annual,USD
823,CTR-00823,2094,781,active,2024-03-29,2024-04-17,2029-04-16,false,90,quarterly,USD
824,CTR-00824,2095,782,expired,2024-02-01,2024-03-27,2025-03-26,true,120,quarterly,USD
825,CTR-00825,2100,784,active,2025-11-28,2025-12-16,2026-12-15,true,120,quarterly,USD
826,CTR-00826,2106,787,expired,2023-06-17,2023-07-26,2024-07-25,true,30,quarterly,USD
827,CTR-00827,2107,787,expired,2023-10-09,2023-10-14,2025-10-13,true,60,annual,USD
828,CTR-00828,2109,787,expired,2023-07-17,2023-08-12,2024-08-11,true,30,annual,USD
829,CTR-00829,2112,789,expired,2023-08-15,2023-09-26,2024-09-25,false,30,annual,USD
830,CTR-00830,2113,789,active,2025-08-06,2025-09-14,2029-09-13,true,60,annual,USD
831,CTR-00831,2114,790,active,2025-08-20,2025-09-29,2028-09-28,false,120,annual,USD
832,CTR-00832,2116,790,expired,2023-03-31,2023-04-16,2025-04-15,false,90,annual,USD
833,CTR-00833,2117,790,active,2025-01-27,2025-03-28,2026-03-27,true,30,quarterly,USD
834,CTR-00834,2119,791,active,2025-03-30,2025-05-12,2029-05-11,false,90,quarterly,USD
835,CTR-00835,2124,793,active,2025-11-13,2025-12-29,2027-12-28,true,90,annual,USD
836,CTR-00836,2126,794,active,2025-11-20,2026-01-28,2027-01-27,true,60,annual,USD
837,CTR-00837,2127,795,active,2025-02-10,2025-03-20,2026-03-19,true,90,quarterly,USD
838,CTR-00838,2129,796,expired,2024-04-25,2024-07-08,2025-07-07,false,60,quarterly,USD
839,CTR-00839,2133,797,active,2024-01-02,2024-01-16,2027-01-15,false,30,annual,USD
840,CTR-00840,2134,798,active,2025-04-10,2025-05-25,2026-05-24,true,90,annual,USD
841,CTR-00841,2135,798,active,2025-07-21,2025-09-13,2026-09-12,true,120,annual,USD
842,CTR-00842,2140,800,active,2025-07-03,2025-08-30,2028-08-29,true,90,upfront,USD
843,CTR-00843,2141,801,active,2024-10-01,2024-11-26,2027-11-25,false,90,annual,USD
844,CTR-00844,2143,801,active,2023-11-08,2023-12-20,2025-12-19,false,120,annual,USD
845,CTR-00845,2145,802,active,2024-04-28,2024-06-15,2026-06-14,false,120,annual,USD
846,CTR-00846,2147,802,expired,2024-11-08,2024-11-28,2025-11-27,false,60,annual,USD
847,CTR-00847,2152,804,active,2025-01-07,2025-02-17,2027-02-16,false,30,quarterly,USD
848,CTR-00848,2158,806,active,2023-05-03,2023-07-15,2027-07-14,true,60,annual,USD
849,CTR-00849,2164,809,expired,2023-01-31,2023-02-16,2024-02-15,true,30,annual,USD
850,CTR-00850,2165,809,active,2025-10-22,2025-11-23,2026-11-22,false,60,monthly,USD
851,CTR-00851,2166,809,active,2024-12-22,2025-01-21,2026-01-20,true,30,quarterly,USD
852,CTR-00852,2167,810,expired,2023-03-17,2023-04-06,2024-04-05,true,90,annual,USD
853,CTR-00853,2171,812,expired,2024-01-28,2024-02-04,2025-02-03,true,60,annual,USD
854,CTR-00854,2172,812,active,2024-07-06,2024-08-25,2027-08-24,true,30,annual,USD
855,CTR-00855,2173,812,active,2024-07-28,2024-08-14,2026-08-13,true,30,annual,USD
856,CTR-00856,2179,814,active,2025-09-30,2025-10-20,2029-10-19,false,90,annual,USD
857,CTR-00857,2184,816,expired,2024-06-24,2024-07-09,2025-07-08,false,90,annual,USD
858,CTR-00858,2187,817,expired,2023-10-27,2023-11-16,2025-11-15,true,120,annual,USD
859,CTR-00859,2188,817,active,2024-10-26,2024-10-28,2026-10-27,false,30,monthly,USD
860,CTR-00860,2192,818,active,2025-02-26,2025-04-30,2027-04-29,false,60,annual,USD
861,CTR-00861,2195,819,expired,2023-02-14,2023-03-18,2025-03-17,false,120,quarterly,USD
862,CTR-00862,2197,820,expired,2023-05-14,2023-07-26,2024-07-25,true,30,annual,USD
863,CTR-00863,2199,821,active,2024-07-27,2024-07-27,2026-07-26,true,60,annual,USD
864,CTR-00864,2201,822,expired,2023-06-17,2023-08-20,2024-08-19,false,90,annual,USD
865,CTR-00865,2202,822,active,2024-11-23,2025-01-05,2028-01-04,false,90,annual,USD
866,CTR-00866,2209,826,active,2024-12-06,2025-01-15,2026-01-14,true,30,annual,USD
867,CTR-00867,2214,827,active,2023-03-22,2023-04-03,2026-04-02,false,120,annual,USD
868,CTR-00868,2216,828,expired,2023-12-18,2024-01-09,2025-01-08,true,30,annual,USD
869,CTR-00869,2219,829,expired,2023-02-12,2023-03-09,2025-03-08,false,120,annual,USD
870,CTR-00870,2223,831,expired,2024-04-21,2024-05-13,2025-05-12,true,120,annual,USD
871,CTR-00871,2224,831,expired,2024-02-28,2024-03-09,2025-03-08,false,90,annual,USD
872,CTR-00872,2225,831,expired,2024-10-21,2024-10-26,2025-10-25,true,120,annual,USD
873,CTR-00873,2226,832,active,2025-06-12,2025-07-04,2028-07-03,true,120,annual,USD
874,CTR-00874,2228,833,expired,2023-10-23,2023-11-06,2025-11-05,true,120,annual,USD
875,CTR-00875,2233,834,expired,2023-07-25,2023-09-17,2024-09-16,false,60,annual,USD
876,CTR-00876,2236,835,active,2024-12-05,2025-01-11,2027-01-10,true,120,quarterly,USD
877,CTR-00877,2239,836,active,2025-06-20,2025-07-24,2029-07-23,false,30,annual,USD
878,CTR-00878,2242,837,expired,2023-03-28,2023-04-04,2024-04-03,false,90,annual,USD
879,CTR-00879,2245,838,active,2023-09-25,2023-10-14,2026-10-13,false,90,annual,USD
880,CTR-00880,2246,838,expired,2023-07-05,2023-09-15,2025-09-14,false,60,quarterly,USD
881,CTR-00881,2247,838,active,2023-01-17,2023-01-28,2026-01-27,true,90,annual,USD
882,CTR-00882,2250,840,active,2023-08-10,2023-09-03,2027-09-02,false,90,quarterly,USD
883,CTR-00883,2252,840,active,2023-03-25,2023-04-11,2026-04-10,true,90,monthly,USD
884,CTR-00884,2256,841,active,2023-07-26,2023-08-07,2026-08-06,true,90,annual,USD
885,CTR-00885,2266,845,active,2025-03-04,2025-03-15,2027-03-14,false,90,monthly,USD
886,CTR-00886,2270,846,expired,2023-06-18,2023-07-10,2025-07-09,false,60,annual,USD
887,CTR-00887,2272,847,expired,2023-06-30,2023-07-18,2024-07-17,false,120,annual,USD
888,CTR-00888,2273,847,active,2023-09-10,2023-11-05,2026-11-04,true,120,annual,USD
889,CTR-00889,2274,847,active,2025-06-09,2025-07-01,2026-06-30,false,60,annual,USD
890,CTR-00890,2275,848,active,2025-01-17,2025-03-20,2029-03-19,true,60,annual,USD
891,CTR-00891,2276,848,active,2023-05-05,2023-06-13,2027-06-12,true,30,annual,USD
892,CTR-00892,2279,849,expired,2024-07-23,2024-09-07,2025-09-06,false,120,annual,USD
893,CTR-00893,2285,851,active,2024-12-29,2025-02-24,2028-02-23,false,120,annual,USD
894,CTR-00894,2287,852,active,2025-08-25,2025-10-16,2028-10-15,true,90,annual,USD
895,CTR-00895,2289,852,expired,2023-05-20,2023-06-30,2024-06-29,true,90,quarterly,USD
896,CTR-00896,2294,854,active,2024-07-21,2024-08-02,2029-08-01,true,60,monthly,USD
897,CTR-00897,2295,854,expired,2023-06-14,2023-08-15,2025-08-14,false,60,annual,USD
898,CTR-00898,2298,855,active,2025-12-11,2026-02-12,2027-02-11,false,60,annual,USD
899,CTR-00899,2299,855,expired,2023-08-19,2023-09-25,2025-09-24,true,90,annual,USD
900,CTR-00900,2300,856,expired,2024-03-21,2024-05-16,2025-05-15,false,60,annual,USD
901,CTR-00901,2301,856,active,2024-10-05,2024-11-05,2027-11-04,false,30,monthly,USD
902,CTR-00902,2311,860,active,2025-03-07,2025-05-14,2026-05-13,false,60,annual,USD
903,CTR-00903,2315,862,active,2025-01-03,2025-03-03,2026-03-02,false,30,annual,USD
904,CTR-00904,2316,862,active,2024-06-25,2024-08-05,2027-08-04,true,30,quarterly,USD
905,CTR-00905,2320,863,active,2025-04-28,2025-05-25,2027-05-24,true,90,quarterly,USD
906,CTR-00906,2322,864,expired,2023-06-05,2023-06-17,2024-06-16,false,90,annual,USD
907,CTR-00907,2323,864,expired,2023-01-27,2023-03-27,2024-03-26,false,60,annual,USD
908,CTR-00908,2324,864,active,2025-09-24,2025-10-16,2027-10-15,true,90,annual,USD
909,CTR-00909,2326,865,expired,2024-05-03,2024-05-29,2025-05-28,false,90,annual,USD
910,CTR-00910,2333,867,active,2025-01-03,2025-01-17,2027-01-16,false,120,annual,USD
911,CTR-00911,2335,868,active,2025-04-11,2025-05-14,2026-05-13,true,30,annual,USD
912,CTR-00912,2341,871,active,2024-02-21,2024-04-11,2029-04-10,true,30,annual,USD
913,CTR-00913,2342,871,active,2024-11-11,2024-11-22,2026-11-21,true,60,annual,USD
914,CTR-00914,2343,871,active,2025-07-21,2025-09-19,2027-09-18,true,30,annual,USD
915,CTR-00915,2344,872,expired,2023-03-25,2023-04-12,2024-04-11,true,60,annual,USD
916,CTR-00916,2345,872,active,2024-07-18,2024-09-25,2027-09-24,false,90,annual,USD
917,CTR-00917,2346,872,expired,2023-11-27,2024-02-03,2025-02-02,true,90,annual,USD
918,CTR-00918,2348,873,expired,2023-04-20,2023-05-26,2024-05-25,false,30,annual,USD
919,CTR-00919,2349,873,active,2024-06-08,2024-07-24,2027-07-23,true,120,annual,USD
920,CTR-00920,2351,875,expired,2023-02-06,2023-04-01,2025-03-31,false,120,annual,USD
921,CTR-00921,2356,876,expired,2024-03-16,2024-04-08,2025-04-07,true,30,annual,USD
922,CTR-00922,2361,878,expired,2024-06-21,2024-08-10,2025-08-09,true,30,annual,USD
923,CTR-00923,2362,878,expired,2024-04-11,2024-05-16,2025-05-15,true,30,monthly,USD
924,CTR-00924,2364,879,active,2024-08-16,2024-08-30,2026-08-29,false,90,quarterly,USD
925,CTR-00925,2366,880,expired,2024-04-13,2024-04-24,2025-04-23,false,30,annual,USD
926,CTR-00926,2373,883,active,2024-05-03,2024-05-18,2028-05-17,true,30,upfront,USD
927,CTR-00927,2379,886,expired,2024-07-25,2024-08-14,2025-08-13,false,90,annual,USD
928,CTR-00928,2380,886,expired,2023-04-03,2023-05-26,2024-05-25,true,30,annual,USD
929,CTR-00929,2381,886,active,2024-07-28,2024-09-08,2026-09-07,false,30,quarterly,USD
930,CTR-00930,2390,888,active,2025-03-13,2025-05-15,2029-05-14,true,120,upfront,USD
931,CTR-00931,2392,889,active,2025-02-01,2025-04-14,2028-04-13,true,30,annual,USD
932,CTR-00932,2393,889,active,2024-05-13,2024-06-27,2026-06-26,true,60,annual,USD
933,CTR-00933,2397,890,expired,2023-05-11,2023-06-26,2024-06-25,true,30,annual,USD
934,CTR-00934,2400,891,expired,2023-06-21,2023-07-11,2024-07-10,true,60,annual,USD
935,CTR-00935,2401,892,active,2025-03-19,2025-05-09,2026-05-08,true,30,annual,USD
936,CTR-00936,2405,894,active,2024-04-19,2024-06-13,2027-06-12,false,90,annual,USD
937,CTR-00937,2407,894,expired,2023-05-13,2023-07-13,2024-07-12,false,60,quarterly,USD
938,CTR-00938,2410,896,active,2025-04-30,2025-06-30,2028-06-29,true,90,annual,USD
939,CTR-00939,2411,896,active,2025-07-24,2025-09-13,2027-09-12,true,90,quarterly,USD
940,CTR-00940,2413,896,active,2023-09-29,2023-11-09,2027-11-08,true,90,annual,USD
941,CTR-00941,2415,897,active,2024-07-25,2024-09-02,2026-09-01,true,60,quarterly,USD
942,CTR-00942,2416,897,expired,2023-05-26,2023-06-20,2025-06-19,false,60,annual,USD
943,CTR-00943,2417,897,active,2024-12-04,2025-01-13,2026-01-12,true,120,annual,USD
944,CTR-00944,2422,899,expired,2023-02-25,2023-03-09,2024-03-08,false,60,quarterly,USD
945,CTR-00945,2423,899,active,2025-01-21,2025-03-05,2028-03-04,true,60,annual,USD
946,CTR-00946,2431,902,active,2025-12-12,2026-01-02,2027-01-01,false,90,monthly,USD
947,CTR-00947,2432,902,active,2024-11-20,2025-01-22,2027-01-21,false,90,annual,USD
948,CTR-00948,2433,903,active,2024-10-07,2024-12-01,2027-11-30,false,90,annual,USD
949,CTR-00949,2435,903,active,2023-05-13,2023-06-02,2028-06-01,true,90,monthly,USD
950,CTR-00950,2438,904,expired,2023-02-02,2023-03-22,2025-03-21,true,60,annual,USD
951,CTR-00951,2446,907,expired,2023-09-20,2023-11-19,2024-11-18,true,30,annual,USD
952,CTR-00952,2452,910,active,2023-11-09,2023-12-21,2025-12-20,false,120,monthly,USD
953,CTR-00953,2457,912,active,2024-08-19,2024-09-07,2027-09-06,true,120,annual,USD
954,CTR-00954,2459,912,active,2025-01-04,2025-01-29,2027-01-28,false,120,annual,USD
955,CTR-00955,2464,914,active,2025-07-30,2025-09-28,2029-09-27,true,120,annual,USD
956,CTR-00956,2465,914,active,2025-12-23,2026-02-09,2028-02-08,true,120,quarterly,USD
957,CTR-00957,2466,914,active,2025-01-09,2025-01-24,2029-01-23,true,60,annual,USD
958,CTR-00958,2468,915,active,2024-04-24,2024-04-25,2026-04-24,true,120,annual,USD
959,CTR-00959,2469,915,active,2023-11-25,2023-12-25,2025-12-24,true,90,monthly,USD
960,CTR-00960,2474,917,active,2023-12-26,2024-01-30,2026-01-29,true,30,annual,USD
961,CTR-00961,2476,917,active,2024-06-30,2024-07-17,2028-07-16,false,30,annual,USD
962,CTR-00962,2480,918,active,2026-01-03,2026-02-09,2029-02-08,true,120,annual,USD
963,CTR-00963,2483,919,active,2024-02-22,2024-03-17,2027-03-16,true,90,quarterly,USD
964,CTR-00964,2491,922,active,2025-11-03,2025-12-03,2026-12-02,true,30,quarterly,USD
965,CTR-00965,2493,922,active,2025-04-22,2025-05-23,2026-05-22,true,90,annual,USD
966,CTR-00966,2495,923,active,2024-12-01,2025-01-04,2027-01-03,true,60,annual,USD
967,CTR-00967,2496,923,active,2025-04-18,2025-06-13,2026-06-12,false,90,annual,USD
968,CTR-00968,2497,924,expired,2024-02-09,2024-04-10,2025-04-09,false,90,annual,USD
969,CTR-00969,2498,924,expired,2024-08-04,2024-09-25,2025-09-24,true,90,annual,USD
970,CTR-00970,2499,924,expired,2023-01-18,2023-02-04,2025-02-03,true,120,annual,USD
971,CTR-00971,2500,925,active,2023-03-08,2023-03-28,2028-03-27,true,90,annual,USD
972,CTR-00972,2501,925,active,2024-11-18,2025-01-24,2027-01-23,true,60,annual,USD
973,CTR-00973,2503,926,active,2023-12-05,2024-01-20,2028-01-19,false,90,annual,USD
974,CTR-00974,2507,928,active,2025-12-18,2026-02-05,2029-02-04,true,30,annual,USD
975,CTR-00975,2508,928,expired,2023-05-31,2023-07-01,2024-06-30,true,60,annual,USD
976,CTR-00976,2510,928,active,2025-03-15,2025-05-06,2027-05-05,false,60,annual,USD
977,CTR-00977,2512,929,active,2025-11-06,2025-12-02,2026-12-01,false,60,annual,USD
978,CTR-00978,2513,929,expired,2024-06-06,2024-06-06,2025-06-05,true,30,monthly,USD
979,CTR-00979,2514,930,active,2023-11-07,2023-12-07,2025-12-06,true,90,annual,USD
980,CTR-00980,2518,931,active,2024-04-04,2024-06-02,2026-06-01,true,30,annual,USD
981,CTR-00981,2520,931,active,2024-07-22,2024-08-26,2029-08-25,false,120,annual,USD
982,CTR-00982,2521,931,active,2025-12-05,2026-02-05,2031-02-04,true,120,annual,USD
983,CTR-00983,2524,932,active,2024-04-13,2024-05-17,2028-05-16,false,120,annual,USD
984,CTR-00984,2525,932,active,2024-11-26,2025-01-19,2027-01-18,false,60,annual,USD
985,CTR-00985,2528,934,expired,2023-12-21,2024-01-20,2025-01-19,true,30,annual,USD
986,CTR-00986,2531,935,active,2024-06-24,2024-07-08,2026-07-07,true,30,annual,USD
987,CTR-00987,2533,936,active,2025-05-26,2025-06-26,2028-06-25,true,90,annual,USD
988,CTR-00988,2534,936,expired,2023-03-18,2023-04-23,2025-04-22,true,60,quarterly,USD
989,CTR-00989,2537,938,active,2025-08-23,2025-10-22,2029-10-21,true,120,upfront,USD
990,CTR-00990,2540,938,active,2024-04-02,2024-04-06,2026-04-05,true,30,annual,USD
991,CTR-00991,2543,940,active,2024-03-24,2024-04-29,2026-04-28,false,60,quarterly,USD
992,CTR-00992,2544,940,active,2025-09-04,2025-10-09,2029-10-08,true,60,annual,USD
993,CTR-00993,2550,942,active,2025-01-19,2025-03-18,2028-03-17,true,90,annual,USD
994,CTR-00994,2552,943,active,2025-02-27,2025-03-22,2026-03-21,false,90,annual,USD
995,CTR-00995,2553,944,active,2023-10-09,2023-10-15,2026-10-14,false,90,annual,USD
996,CTR-00996,2555,944,expired,2023-03-29,2023-05-28,2024-05-27,true,120,annual,USD
997,CTR-00997,2557,946,expired,2024-08-08,2024-09-17,2025-09-16,false,60,quarterly,USD
998,CTR-00998,2558,946,active,2024-08-08,2024-10-13,2026-10-12,true,90,annual,USD
999,CTR-00999,2560,947,active,2024-06-29,2024-08-07,2029-08-06,true,90,annual,USD
1000,CTR-01000,2561,947,expired,2023-09-05,2023-09-11,2025-09-10,true,60,annual,USD
1001,CTR-01001,2562,947,active,2025-06-24,2025-08-14,2028-08-13,true,60,annual,USD
1002,CTR-01002,2563,947,active,2024-06-26,2024-06-23,2026-06-22,false,90,annual,USD
1003,CTR-01003,2567,949,active,2025-04-06,2025-04-05,2027-04-04,true,90,annual,USD
1004,CTR-01004,2568,949,expired,2023-01-07,2023-03-19,2024-03-18,true,60,upfront,USD
1005,CTR-01005,2569,949,active,2024-04-20,2024-05-18,2026-05-17,true,120,annual,USD
1006,CTR-01006,2571,950,active,2025-05-08,2025-06-26,2026-06-25,false,60,annual,USD
1007,CTR-01007,2572,950,expired,2023-08-07,2023-08-22,2025-08-21,false,120,annual,USD
1008,CTR-01008,2576,953,active,2023-06-04,2023-06-29,2026-06-28,true,30,annual,USD
1009,CTR-01009,2584,957,active,2024-09-09,2024-10-11,2027-10-10,false,120,annual,USD
1010,CTR-01010,2585,957,active,2023-01-25,2023-03-10,2027-03-09,false,30,annual,USD
1011,CTR-01011,2588,959,expired,2024-10-08,2024-11-01,2025-10-31,true,120,annual,USD
1012,CTR-01012,2589,959,expired,2023-07-18,2023-09-23,2024-09-22,true,60,upfront,USD
1013,CTR-01013,2592,960,active,2024-02-15,2024-03-18,2029-03-17,true,30,annual,USD
1014,CTR-01014,2594,961,expired,2024-07-14,2024-08-28,2025-08-27,true,90,annual,USD
1015,CTR-01015,2597,961,active,2025-02-21,2025-04-20,2027-04-19,true,120,annual,USD
1016,CTR-01016,2602,963,active,2024-03-06,2024-04-24,2028-04-23,false,30,annual,USD
1017,CTR-01017,2603,963,active,2024-04-04,2024-05-07,2026-05-06,false,60,annual,USD
1018,CTR-01018,2604,963,active,2024-04-30,2024-07-06,2026-07-05,true,30,annual,USD
1019,CTR-01019,2610,965,active,2023-08-30,2023-09-17,2026-09-16,true,30,quarterly,USD
1020,CTR-01020,2613,966,active,2025-09-23,2025-10-19,2028-10-18,true,90,annual,USD
1021,CTR-01021,2614,966,active,2025-03-19,2025-05-11,2027-05-10,true,90,annual,USD
1022,CTR-01022,2618,968,active,2025-07-31,2025-08-22,2028-08-21,false,90,quarterly,USD
1023,CTR-01023,2620,968,active,2025-08-07,2025-09-21,2027-09-20,false,60,annual,USD
1024,CTR-01024,2622,969,expired,2023-07-19,2023-07-28,2024-07-27,true,90,annual,USD
1025,CTR-01025,2626,970,active,2025-12-02,2026-01-30,2028-01-29,true,120,annual,USD
1026,CTR-01026,2631,972,active,2024-07-10,2024-09-01,2027-08-31,true,90,annual,USD
1027,CTR-01027,2632,973,expired,2023-12-22,2024-01-03,2025-01-02,true,60,annual,USD
1028,CTR-01028,2634,974,expired,2023-01-27,2023-01-25,2025-01-24,false,60,annual,USD
1029,CTR-01029,2637,975,active,2025-03-11,2025-04-02,2027-04-01,false,60,annual,USD
1030,CTR-01030,2639,975,expired,2023-11-03,2023-11-24,2025-11-23,true,120,annual,USD
1031,CTR-01031,2640,975,active,2024-08-22,2024-10-29,2029-10-28,true,60,annual,USD
1032,CTR-01032,2644,977,active,2023-11-07,2023-12-09,2026-12-08,true,120,annual,USD
1033,CTR-01033,2654,980,active,2024-08-06,2024-09-15,2027-09-14,false,120,monthly,USD
1034,CTR-01034,2656,981,expired,2023-05-24,2023-07-15,2024-07-14,true,60,monthly,USD
1035,CTR-01035,2662,983,expired,2024-04-02,2024-04-25,2025-04-24,true,30,quarterly,USD
1036,CTR-01036,2667,985,active,2024-06-14,2024-07-04,2028-07-03,false,60,annual,USD
1037,CTR-01037,2669,985,expired,2023-09-22,2023-12-01,2025-11-30,false,120,annual,USD
1038,CTR-01038,2670,986,expired,2024-03-08,2024-03-13,2025-03-12,false,120,quarterly,USD
1039,CTR-01039,2671,986,active,2023-09-28,2023-12-09,2028-12-08,true,60,annual,USD
1040,CTR-01040,2672,986,active,2023-09-17,2023-10-18,2026-10-17,true,120,annual,USD
1041,CTR-01041,2675,987,active,2025-11-20,2025-12-13,2027-12-12,false,30,annual,USD
1042,CTR-01042,2678,988,active,2024-08-08,2024-08-11,2027-08-10,true,60,annual,USD
1043,CTR-01043,2680,989,expired,2023-11-04,2023-11-07,2025-11-06,true,30,annual,USD
1044,CTR-01044,2685,991,active,2025-07-05,2025-07-26,2026-07-25,true,120,annual,USD
1045,CTR-01045,2688,993,expired,2023-06-30,2023-08-11,2025-08-10,true,90,annual,USD
1046,CTR-01046,2692,994,active,2025-10-05,2025-10-16,2027-10-15,true,60,annual,USD
1047,CTR-01047,2693,994,active,2023-03-04,2023-03-16,2026-03-15,false,30,annual,USD
1048,CTR-01048,2694,994,active,2025-12-21,2026-01-14,2030-01-13,false,120,annual,USD
1049,CTR-01049,2695,994,active,2023-09-05,2023-09-27,2026-09-26,true,60,annual,USD
1050,CTR-01050,2699,996,active,2025-03-28,2025-05-25,2030-05-24,true,90,annual,USD
1051,CTR-01051,2700,996,expired,2023-02-16,2023-04-02,2025-04-01,true,90,annual,USD
1052,CTR-01052,2701,996,active,2025-03-21,2025-04-23,2028-04-22,false,120,annual,USD
1053,CTR-01053,2702,996,active,2025-06-03,2025-07-04,2026-07-03,true,30,quarterly,USD
1054,CTR-01054,2705,997,expired,2023-10-05,2023-11-04,2025-11-03,false,30,quarterly,USD
1055,CTR-01055,2706,998,active,2025-12-25,2026-01-03,2028-01-02,false,120,quarterly,USD
1056,CTR-01056,2710,999,active,2024-03-24,2024-04-21,2026-04-20,true,90,annual,USD
1057,CTR-01057,2711,999,expired,2023-05-25,2023-07-10,2024-07-09,true,30,annual,USD
1058,CTR-01058,2712,999,active,2023-12-09,2023-12-11,2026-12-10,true,120,annual,USD
1059,CTR-01059,2713,1000,expired,2023-02-28,2023-03-02,2025-03-01,true,60,annual,USD
1060,CTR-01060,2714,1000,expired,2024-09-17,2024-10-21,2025-10-20,true,30,annual,USD
